age,fnlwgt,education-num,capital-gain,capital-loss,hours-per-week,salary
32,205019,12,0,0,50,0
25,176756,9,0,0,35,0
35,76845,5,0,0,40,0
19,544091,9,0,0,25,0
53,88506,13,0,0,40,0
29,271466,11,0,0,43,0
35,56352,11,0,0,40,0
30,59496,13,2407,0,40,0
25,200681,10,0,0,40,0
19,101509,10,0,0,32,0
18,309634,7,0,0,22,0
59,159937,9,0,0,48,0
33,202051,14,0,0,50,0
48,191277,16,0,1902,60,1
42,124692,9,0,0,40,0
38,65324,15,0,0,40,1
20,111697,10,0,1719,28,0
34,198183,9,0,0,40,0
29,191535,9,0,0,60,0
66,54826,11,0,0,20,0
27,253814,9,0,0,25,0
43,114580,10,0,0,40,0
40,286370,4,0,0,40,1
24,159567,10,0,0,40,0
41,130760,13,0,0,24,0
19,170653,9,0,0,40,0
36,150042,13,0,0,40,0
33,185480,13,0,0,45,0
30,70377,9,0,0,40,0
35,190174,10,0,0,40,0
34,175413,12,0,0,45,0
31,127595,9,0,0,40,0
31,217460,9,0,0,45,1
43,50356,10,0,1485,50,0
76,174309,14,0,0,10,0
66,127921,9,2050,0,55,0
26,117125,5,0,0,40,0
62,270092,14,0,0,40,1
33,267404,9,0,0,40,0
19,232392,9,0,0,40,0
20,416103,10,0,0,40,0
28,108574,10,0,0,40,0
28,123147,10,0,1887,40,1
52,190762,2,0,0,40,0
23,81281,10,0,0,40,0
40,72887,11,0,0,40,1
23,54012,9,0,0,60,0
32,115745,10,0,0,40,0
54,288825,9,0,0,40,0
30,303990,9,0,0,60,0
33,111746,12,0,0,45,0
24,388093,13,0,0,40,0
42,221172,13,0,0,40,1
44,202692,14,0,0,40,0
26,108658,9,0,0,40,0
31,41493,13,0,0,45,0
32,84179,9,0,0,45,0
35,194404,12,0,0,40,0
65,109351,5,0,0,24,0
47,241832,5,0,0,40,0
58,35723,9,0,0,60,0
19,262601,9,0,0,14,0
21,226181,13,0,0,40,0
52,289436,16,0,0,60,1
24,556660,9,4101,0,50,0
45,86644,13,0,0,55,0
54,113000,10,0,0,40,0
44,63042,13,0,0,50,1
40,144995,11,4386,0,40,0
32,267736,10,0,0,40,0
23,145111,9,0,0,50,0
36,101460,9,0,0,18,0
34,119411,9,0,0,40,0
53,128272,16,0,0,70,1
28,196690,11,0,1669,42,0
24,106085,9,0,1721,30,0
31,171871,14,0,0,46,0
62,174355,9,0,0,40,0
39,176186,10,0,0,50,1
32,270335,13,0,0,40,1
23,205865,13,0,0,28,0
37,211154,10,0,0,52,0
24,202570,13,0,0,15,0
64,29825,9,0,0,5,0
42,162003,9,0,0,55,0
23,375871,9,0,0,40,0
38,196373,9,0,0,40,1
43,227065,14,0,0,43,1
32,288273,13,0,0,70,0
25,178326,10,0,0,40,0
34,159929,9,0,0,40,0
58,356067,13,0,0,40,0
48,107373,4,0,0,40,0
34,33117,10,0,0,40,0
23,217961,10,0,0,40,0
52,44728,10,0,0,55,1
22,361280,13,0,0,20,0
29,260729,9,0,1977,25,1
45,149865,13,0,0,60,1
33,35378,13,0,0,45,1
58,205267,13,0,0,40,1
31,316672,9,0,0,40,0
46,246212,14,0,0,45,1
20,230891,10,0,0,45,0
54,96062,12,0,0,40,1
50,146015,9,0,0,40,1
51,239155,11,0,0,40,0
59,151616,14,0,0,55,0
36,135289,9,0,0,45,0
45,247379,9,0,0,40,1
53,22154,10,0,0,40,0
55,176317,9,0,0,40,0
46,265266,13,0,1902,40,1
52,31838,9,0,0,40,0
43,369468,13,0,0,40,1
22,153516,10,0,0,35,0
44,409505,13,0,0,40,0
65,36039,9,0,0,40,1
39,83893,9,0,0,40,1
47,256522,9,0,0,40,0
29,285290,7,0,0,40,0
38,34180,10,0,0,40,0
59,105363,9,0,0,40,0
35,184117,13,0,0,40,0
36,153078,13,0,0,60,1
23,181820,10,0,0,40,0
33,105974,9,0,0,41,0
43,221550,14,0,0,30,0
43,169203,11,0,0,35,0
55,325007,12,0,0,25,0
31,66815,9,0,0,50,0
30,30226,7,0,0,40,0
59,296253,9,0,0,40,0
36,336595,9,0,0,50,1
56,145574,9,0,1902,60,1
17,333100,6,1055,0,30,0
48,192945,9,7688,0,40,1
70,163003,9,0,0,40,0
24,42706,11,0,0,60,0
61,120939,15,0,0,5,1
25,174592,9,0,0,25,0
26,166295,13,0,2339,55,0
20,231286,10,0,0,15,0
34,122116,10,0,0,40,0
59,165695,10,0,0,40,0
41,195124,9,0,0,50,0
18,208447,8,0,0,6,0
19,62534,13,0,0,40,0
38,322143,13,0,0,10,0
67,318533,9,0,0,35,0
37,70240,9,0,0,40,0
31,175548,9,0,0,35,0
59,143372,6,0,0,40,0
43,184378,13,0,0,40,0
62,273454,4,0,0,40,0
46,99835,15,0,0,60,1
27,128059,10,0,0,50,0
20,211466,9,0,0,80,0
37,171150,9,0,1887,50,1
37,256723,10,0,0,35,0
35,168817,9,0,0,40,0
35,30381,13,0,0,45,1
64,134960,13,15024,0,35,1
43,193459,10,0,0,60,0
45,99179,7,0,0,40,0
37,349689,9,0,0,40,0
50,171338,10,99999,0,50,1
39,79331,14,15024,0,40,1
66,142723,3,0,0,40,0
49,188330,9,0,0,40,1
31,332379,4,0,0,40,0
22,202920,9,99999,0,40,1
21,142766,10,0,0,10,0
53,121618,4,0,0,40,0
61,95450,13,5178,0,50,1
40,173607,6,0,0,40,0
21,126314,10,0,0,10,0
44,144778,10,0,0,45,1
31,91666,9,0,0,50,0
39,179271,10,0,0,50,1
38,187046,7,0,0,45,0
39,191807,9,0,0,48,0
35,225330,13,0,0,40,0
27,278581,13,0,0,40,0
35,28160,13,0,0,40,0
24,249101,9,0,0,40,0
18,153405,7,0,0,25,0
77,144608,9,0,0,6,0
26,214303,13,0,0,50,0
32,242150,9,0,0,38,0
21,260847,10,0,0,30,0
55,189933,6,0,0,40,0
48,104790,7,0,0,50,1
35,82552,9,0,0,35,0
24,33432,12,0,0,40,0
50,176924,6,0,0,38,0
27,208406,13,0,0,60,1
18,283342,7,0,0,20,0
32,549430,9,0,0,40,0
35,103605,7,0,0,40,0
36,126569,10,0,0,40,1
59,120617,9,0,0,40,0
43,172826,10,99999,0,55,1
35,163392,10,0,0,40,0
17,103810,8,0,0,40,0
30,203277,9,0,0,60,1
57,103809,9,0,0,40,0
35,23621,9,0,0,70,0
18,98044,7,0,0,40,0
47,121124,3,0,0,55,1
38,277347,9,0,0,50,0
33,125249,9,0,0,40,0
41,222142,9,0,0,40,0
42,169995,9,0,0,48,0
46,187581,9,0,0,40,0
22,355686,10,0,0,40,0
48,300168,8,0,0,40,0
28,183151,12,0,0,60,0
47,211668,9,0,0,40,1
49,52590,9,0,0,40,0
42,70055,9,0,0,40,0
53,227602,9,0,0,37,0
38,338320,15,0,1977,50,1
26,156976,11,0,0,40,0
46,169180,11,0,0,40,0
23,482082,8,0,0,21,0
17,329783,6,0,0,10,0
56,143030,9,0,0,40,0
23,176178,9,0,0,40,0
45,107787,11,0,0,40,0
29,214858,13,0,0,40,1
23,148751,10,0,0,35,0
20,241951,9,0,0,45,0
21,79728,10,0,0,40,0
27,387776,10,0,0,40,0
34,160449,9,0,0,44,1
41,154194,9,0,0,40,0
35,63921,3,0,0,40,0
46,174224,11,0,0,40,0
39,237532,9,0,0,54,1
50,20179,14,0,0,40,1
30,432565,11,0,0,40,1
74,92298,13,0,0,10,0
36,104772,9,0,0,48,0
31,133770,12,0,0,50,1
47,277545,13,0,0,40,1
54,169785,14,0,0,40,0
27,466224,10,0,0,40,0
38,264627,10,0,0,40,0
22,123727,10,0,0,21,0
39,172425,11,0,0,20,1
29,29616,9,0,0,65,0
19,446219,6,0,0,40,0
36,153205,13,0,0,45,0
24,161708,9,0,0,45,1
23,203240,10,0,0,40,0
25,135645,14,0,0,20,0
24,210781,13,0,0,40,0
42,235786,12,0,0,50,1
45,160167,6,0,0,70,0
34,314375,11,0,0,40,0
52,71344,14,0,0,40,0
47,213140,11,7688,0,40,1
37,185061,10,0,0,55,0
41,176069,9,0,0,40,0
23,26248,9,0,0,40,0
42,39586,14,0,0,20,1
47,189123,9,0,0,40,0
46,166003,7,0,0,40,0
32,281437,10,0,0,55,0
55,205527,9,0,0,20,0
27,300777,9,0,0,70,0
61,153048,9,0,0,35,0
41,237321,2,0,0,40,1
31,169240,9,0,0,40,0
33,79580,13,0,0,40,0
46,162034,9,0,0,40,0
35,115792,13,0,0,55,0
31,407930,4,0,0,40,0
31,159322,9,0,0,40,0
19,30559,9,0,0,40,0
34,255098,13,0,0,40,0
48,186172,13,0,0,45,1
43,307767,9,0,0,40,0
53,358056,7,0,0,40,0
26,198163,14,0,0,40,0
30,177304,9,0,0,40,1
33,144064,13,0,0,50,0
63,26904,9,0,0,98,0
49,101320,12,0,1902,40,1
52,91048,9,0,0,35,0
34,511361,10,0,0,40,0
47,239439,7,0,0,40,0
62,120939,10,0,0,40,0
29,100405,6,0,0,40,0
35,361888,13,0,0,60,0
39,202950,13,0,0,45,0
72,177226,9,0,0,8,0
55,270859,13,0,0,40,1
28,480861,9,0,0,45,0
61,208919,14,0,0,60,1
54,220115,10,0,0,30,0
39,122742,12,15024,0,55,1
30,107793,10,0,0,56,1
42,64632,9,0,0,50,0
41,79797,9,0,0,40,1
72,113044,9,0,0,30,0
28,192569,9,0,0,40,0
60,170114,5,0,1672,84,0
48,193188,13,0,0,40,1
18,179203,10,0,0,20,0
19,130431,3,0,0,36,0
35,169809,13,0,0,20,0
25,237865,10,0,0,40,0
45,32172,10,0,0,50,0
21,275726,9,0,0,40,0
53,211654,10,0,0,50,1
58,197665,9,0,0,45,0
54,93415,13,0,0,40,1
35,191502,13,0,0,60,1
35,261382,13,0,0,50,0
59,374924,9,0,0,40,0
62,81534,10,0,0,40,1
23,123983,13,0,0,40,0
59,160631,13,0,0,60,1
36,224531,13,0,0,50,1
36,367020,4,0,0,35,0
46,144531,13,0,0,40,1
19,417657,9,0,0,50,0
33,231043,9,0,0,50,1
34,220066,14,0,0,50,0
22,51136,10,0,0,60,0
27,249315,10,0,0,44,0
68,75913,8,0,0,30,0
47,242552,10,0,0,40,0
26,159732,10,0,0,60,0
39,172718,9,0,0,40,0
36,356838,8,0,0,35,0
46,283037,13,0,0,50,1
25,159732,13,0,0,40,0
41,314322,9,0,0,40,1
40,346964,9,0,0,40,0
21,305874,10,0,0,54,0
28,208965,5,0,0,40,0
33,161745,11,0,0,45,0
41,187821,9,2885,0,40,0
39,346478,10,0,0,45,0
37,336598,3,0,0,36,0
54,457237,14,0,0,40,0
53,99476,9,0,0,38,0
40,162108,13,0,0,50,0
59,208395,14,0,0,50,0
56,174351,8,0,0,40,0
38,111398,13,7688,0,40,1
50,400004,10,0,0,60,0
31,235389,4,0,0,30,0
34,197688,9,0,0,40,0
33,323619,10,0,0,40,0
46,357338,13,0,0,40,0
40,315321,9,0,625,52,0
26,152035,9,0,0,40,0
43,105862,10,0,1902,40,1
23,129583,9,0,0,16,0
17,213055,7,0,0,20,0
30,117570,9,0,0,60,0
47,214169,9,15024,0,40,1
34,157165,10,0,0,40,0
53,50048,16,7688,0,50,1
39,362685,1,0,0,20,0
27,153546,11,0,0,36,1
53,209022,7,0,0,37,0
42,138634,9,0,0,40,0
52,363405,9,0,0,40,0
31,181485,13,0,0,40,1
27,150025,3,0,0,40,0
70,121993,9,0,0,5,0
53,123429,10,0,0,60,1
34,106169,14,0,0,50,0
41,113555,10,7298,0,50,1
36,160120,9,0,0,40,0
42,37618,10,0,0,60,0
37,185359,9,0,0,40,0
33,117963,12,0,1887,60,1
26,78172,10,0,0,40,0
65,169047,9,0,0,10,0
24,123983,7,0,0,40,0
62,151369,9,0,0,40,0
29,56630,11,0,0,40,0
43,293305,13,0,1887,40,1
30,363032,9,0,0,40,0
53,225768,11,0,0,40,1
39,191807,9,15024,0,50,1
50,116287,12,0,0,60,0
45,145697,10,0,0,30,0
36,160728,9,0,0,60,0
49,371299,9,0,0,35,0
43,421837,10,0,0,40,0
39,153976,10,0,0,52,1
44,296326,13,0,0,40,0
29,159768,9,3325,0,40,0
50,139464,13,0,0,36,0
37,295949,9,0,1628,40,0
19,376240,9,0,0,42,0
26,195216,9,0,0,12,0
21,61777,10,0,0,70,0
34,320194,15,0,0,48,1
24,199444,13,0,0,15,0
51,240358,10,0,0,20,0
44,101593,13,0,0,60,0
29,227890,13,0,0,40,0
31,225053,9,0,0,45,0
31,258849,11,0,0,40,0
40,510072,13,0,0,55,1
41,52037,10,0,0,40,0
27,134813,14,0,0,52,0
19,430471,7,0,0,40,0
22,197613,11,0,0,30,0
24,154165,5,0,0,40,0
38,278253,9,0,0,48,0
28,19395,10,0,0,38,0
49,157569,9,0,0,40,0
27,129661,11,0,0,40,1
21,370990,10,0,0,40,0
21,452640,9,0,0,40,0
26,229523,9,0,0,56,0
59,193895,9,0,0,40,0
38,53628,11,0,0,35,0
31,73796,10,0,0,30,0
20,133352,10,0,0,40,0
22,275385,10,0,0,25,0
64,114994,9,0,0,20,0
66,160995,6,1086,0,20,0
34,240252,14,0,0,40,1
44,111483,9,0,1504,50,0
35,166416,9,0,0,99,0
58,142158,9,0,0,12,0
21,221480,10,0,0,25,0
32,80058,9,0,0,40,0
25,308144,13,0,0,40,0
30,195750,9,0,0,27,0
33,43959,14,7688,0,50,1
51,162632,9,7298,0,60,1
21,30039,10,0,0,40,0
32,180603,13,0,0,40,1
49,148398,9,0,0,40,0
48,317360,13,0,0,20,1
21,214716,10,0,0,10,0
35,341643,13,0,0,50,0
52,131631,7,0,0,40,0
53,88842,9,99999,0,40,1
29,209301,13,0,0,40,0
38,149419,11,0,0,50,0
40,341539,10,0,0,30,0
38,296999,13,0,0,70,0
51,159604,10,0,0,40,1
41,197583,6,0,0,40,1
25,73839,7,0,0,40,0
27,109165,10,0,0,60,0
40,118001,9,0,0,40,0
43,193494,6,0,0,40,0
33,208180,13,0,0,40,0
22,237498,9,0,0,40,0
25,210184,7,0,0,40,0
42,220049,9,0,0,40,1
40,210275,9,0,0,40,0
30,350979,9,0,0,40,0
24,277700,10,0,0,45,0
28,176683,12,0,0,40,0
66,41506,6,0,0,40,0
33,343925,9,0,0,40,0
45,26781,9,0,0,8,0
38,91711,13,0,0,50,1
46,179048,9,0,0,35,0
46,308334,2,0,0,30,0
29,114224,13,0,0,40,1
43,212894,9,0,0,40,0
25,129200,10,0,0,40,0
33,207172,9,0,0,40,0
31,340917,9,14344,0,40,1
23,83891,9,0,0,40,0
37,117381,14,0,0,45,0
27,116531,13,0,0,40,0
51,182187,13,0,0,35,0
34,424988,9,0,0,45,0
34,117983,9,0,0,40,0
75,311184,13,0,0,24,0
35,46385,9,5178,0,90,1
23,183327,9,0,1594,20,0
26,282304,10,0,0,45,0
45,142719,13,0,0,40,1
32,213179,10,0,0,40,1
40,168538,9,0,0,60,1
36,169926,9,0,0,40,0
60,227332,11,0,0,40,0
37,632613,6,0,0,35,0
46,148599,14,0,0,50,1
34,117963,15,0,0,50,1
29,299705,10,0,0,37,0
47,79627,15,27828,0,50,1
42,251229,13,0,0,40,0
38,203836,3,0,0,40,0
32,141410,9,0,0,40,0
50,175456,9,0,0,50,0
27,194590,12,0,0,25,0
28,134566,13,0,0,45,0
46,58126,9,0,0,40,0
22,119838,10,0,0,10,0
40,165309,10,0,0,43,0
48,192894,16,0,0,40,1
45,325390,9,0,0,40,0
33,279524,9,0,0,40,0
24,165201,10,0,0,45,0
57,109638,10,0,1672,45,0
52,236180,13,0,0,50,0
57,372967,6,0,0,70,0
22,36011,11,0,0,30,0
38,146091,16,99999,0,36,1
51,147954,9,3411,0,38,0
17,156501,8,0,0,16,0
76,33213,14,0,0,30,1
30,33308,9,0,0,40,0
22,41763,10,0,0,25,0
47,185385,6,0,0,40,1
18,300379,8,0,0,12,0
51,193720,13,0,0,45,1
22,271274,7,0,0,40,0
63,143098,9,4064,0,40,0
21,349365,10,0,0,15,0
51,224207,10,0,0,40,1
20,203003,9,0,0,40,0
39,141420,10,0,0,40,0
47,236111,10,0,0,55,1
49,268234,4,0,0,40,0
29,141185,10,0,0,55,0
25,257574,13,0,0,20,0
42,67065,9,0,0,60,0
39,45607,9,0,0,56,0
27,175262,13,0,0,40,0
49,332355,9,0,0,40,0
28,230743,12,0,0,40,0
54,138845,10,0,0,40,0
90,227796,14,20051,0,60,1
29,148550,9,0,0,40,0
35,275364,13,7430,0,40,1
23,258298,13,0,2231,40,1
32,340940,13,0,0,40,0
63,271550,10,0,0,20,0
35,101709,9,0,0,60,0
44,332401,15,99999,0,65,1
54,182388,9,0,0,35,0
19,156294,10,0,0,25,0
19,30800,6,0,0,40,0
22,131230,13,0,0,40,0
53,276868,14,0,0,40,1
34,110622,13,0,0,40,0
26,164583,9,0,0,30,0
44,296728,14,0,0,40,1
64,286732,4,0,0,40,0
27,61580,10,0,0,40,0
45,34419,13,0,0,30,0
26,262617,9,2597,0,40,0
28,224964,9,0,0,25,0
45,189564,14,0,0,1,0
35,199753,9,0,0,48,0
56,192869,9,0,0,40,1
33,192644,9,0,0,35,0
30,213722,10,0,0,50,1
49,168216,4,0,0,48,0
27,366066,12,0,0,40,0
46,109089,15,0,0,40,1
47,118506,13,0,0,60,0
27,50295,10,0,0,48,0
46,318259,11,0,0,36,0
42,413297,10,0,0,40,0
24,174461,10,0,0,45,0
20,107658,10,0,0,10,0
47,102771,9,0,0,50,0
25,276310,5,0,0,40,0
22,203894,10,0,0,24,0
25,394820,10,0,0,20,0
31,420749,12,0,0,40,1
30,45796,10,0,0,40,0
41,120539,10,3103,0,40,1
19,414871,9,0,0,40,0
28,161607,10,0,0,45,0
26,202203,13,0,0,50,0
60,88055,10,0,0,24,0
27,200227,11,0,0,40,0
25,76144,9,0,0,50,0
53,152373,10,0,0,48,1
56,258752,13,0,0,60,0
45,242552,8,0,0,35,0
53,97411,3,0,0,40,0
58,119558,9,0,0,50,1
20,293091,7,0,0,60,0
51,44000,14,99999,0,50,1
39,140752,9,0,0,50,1
25,169905,10,0,0,40,0
61,227232,13,0,0,30,0
27,223529,11,0,0,43,0
25,306352,11,0,0,40,0
25,144478,10,0,0,40,0
48,185385,9,0,0,98,0
32,271276,9,0,0,80,1
56,229525,5,0,0,40,0
33,34574,9,0,0,43,0
33,34080,10,0,0,40,1
18,71792,9,0,0,40,0
22,291547,3,0,0,40,0
30,108023,10,0,0,40,0
59,197290,5,0,0,40,0
25,391192,10,0,0,24,0
79,120707,16,20051,0,35,1
71,163293,15,0,0,2,0
55,138594,9,0,1977,45,1
55,323706,10,0,1902,40,1
27,72208,10,0,0,40,0
52,74784,14,0,0,40,1
47,26994,10,0,0,35,0
18,84253,7,0,0,24,0
55,234327,10,0,0,40,0
35,245090,9,0,0,40,0
41,149385,9,0,0,30,0
22,184779,9,0,0,40,0
32,169841,10,0,0,55,0
17,132755,7,0,0,15,0
38,189404,9,0,0,35,0
24,163053,13,0,0,40,0
30,74966,11,0,0,24,0
33,164707,12,2174,0,55,0
44,103233,13,0,0,40,0
24,215115,13,0,0,40,0
33,67072,9,0,0,50,1
34,181087,11,0,0,45,0
74,129879,9,15831,0,40,1
39,387430,9,0,0,18,0
19,121972,9,0,0,40,0
21,133471,10,0,0,40,0
37,191779,10,0,0,40,0
26,159732,9,0,0,52,0
55,163083,14,0,0,40,1
36,166304,9,0,0,33,0
43,170214,10,0,0,50,1
54,51048,9,0,0,40,1
49,61307,4,0,0,38,0
34,325658,9,0,0,40,0
26,177482,12,0,0,45,1
29,110442,9,0,0,45,0
49,144844,9,0,0,52,1
28,123983,10,0,0,63,0
51,125796,7,0,0,40,0
19,38294,9,2597,0,40,0
23,221955,5,0,0,39,0
34,177675,13,0,0,40,1
56,70720,14,27828,0,60,1
57,182677,13,4508,0,40,0
19,131615,9,0,0,40,0
52,338816,14,0,0,70,1
34,506858,11,0,0,32,1
51,306784,9,4386,0,40,1
58,87329,7,0,0,48,0
38,393945,11,0,0,36,0
36,358373,9,0,0,36,0
56,413373,4,0,0,36,0
35,33975,13,0,0,40,1
61,176839,13,15024,0,50,1
27,205188,6,0,0,40,0
30,363296,9,0,0,72,0
21,176690,10,0,0,24,0
41,266530,9,0,0,45,0
30,378723,10,0,0,55,0
20,247564,9,0,0,35,0
28,243762,7,0,0,40,0
29,178469,9,0,0,40,0
38,214008,9,0,0,50,1
35,28572,10,4064,0,35,0
33,115488,13,0,0,50,0
32,32732,9,0,0,50,0
48,36177,9,0,0,45,0
35,337286,14,0,0,40,0
35,193106,9,0,0,32,0
35,200426,11,0,0,44,0
21,35424,10,0,0,25,0
38,229180,13,0,0,40,0
41,299505,9,0,0,40,0
35,57640,9,0,0,35,0
56,290641,13,0,0,50,1
36,334291,9,0,0,40,1
47,221666,10,0,0,40,0
24,39615,13,0,0,45,0
30,341346,7,0,0,40,0
35,343403,16,0,0,20,0
45,281565,9,0,0,50,0
46,297906,13,0,0,50,1
38,26987,9,0,0,40,0
56,233312,14,0,0,50,1
28,291374,9,0,0,30,0
31,104509,13,0,0,65,1
45,107682,14,0,0,40,1
50,287598,10,0,0,70,0
30,345122,15,0,0,50,0
32,152940,10,0,0,40,1
38,245090,5,0,0,40,0
25,235795,12,0,0,48,0
20,317443,10,0,0,15,0
28,107411,13,0,0,35,0
38,101978,10,0,2258,55,1
22,62865,12,0,0,40,0
40,238574,15,0,0,55,1
40,192381,10,0,0,50,1
23,350181,9,0,0,40,0
41,173370,13,0,0,30,0
40,204046,6,0,0,40,0
36,285865,13,0,0,40,0
22,216129,9,0,0,40,0
38,164050,10,0,0,40,1
38,204556,9,0,0,40,0
63,133144,9,0,0,45,0
66,376028,9,0,0,20,0
49,147032,9,0,0,8,0
26,303973,9,0,1602,15,0
28,194087,10,0,0,40,0
31,358461,10,0,0,40,0
33,357691,14,0,0,40,0
21,68358,10,0,0,20,0
49,276247,10,0,0,40,0
42,383493,14,0,0,50,1
37,99452,10,0,0,55,1
25,298225,10,0,0,35,0
42,136986,9,0,0,35,1
37,172538,9,0,0,40,0
39,46028,10,0,0,60,0
42,31251,11,0,0,37,0
24,493034,9,13550,0,50,1
39,98941,9,0,0,40,0
44,172479,13,7688,0,40,1
19,186159,10,0,0,40,0
23,273206,13,0,0,23,0
18,135924,9,0,0,20,0
51,153486,10,0,0,40,0
46,114032,10,0,1887,45,1
17,110798,7,0,0,20,0
31,185528,10,0,0,35,0
34,181311,7,0,0,40,0
54,31533,14,7298,0,40,1
26,174592,10,0,0,40,0
40,331651,10,0,0,40,0
50,200618,12,0,0,40,0
49,225124,9,0,0,40,0
19,175652,7,0,0,15,0
22,333910,10,0,0,43,0
50,110748,10,0,0,40,0
20,95918,5,0,0,40,0
39,326342,7,2635,0,37,0
38,167140,15,99999,0,70,1
41,253759,9,0,0,40,0
31,339482,9,0,1848,40,1
19,91928,10,0,0,35,0
43,112607,7,0,0,60,0
27,183639,9,0,0,40,0
35,107233,9,0,0,55,0
30,178255,13,0,0,70,0
29,134890,13,0,0,40,1
43,185670,2,0,0,21,0
35,242094,9,0,0,40,0
54,196975,9,0,0,45,0
56,155657,13,0,0,40,0
20,147352,9,0,0,40,0
53,64322,4,0,0,40,0
17,287160,7,0,0,15,0
39,198097,13,0,0,50,0
52,119111,9,0,0,40,0
33,176711,9,0,0,40,0
39,86551,9,0,0,40,1
42,136986,13,0,0,40,1
42,57600,9,0,0,45,0
58,140363,9,0,0,36,0
30,308812,10,0,0,60,0
43,35910,10,0,0,43,1
23,189203,9,0,0,40,0
42,19700,13,0,0,50,1
26,202560,10,0,0,35,0
41,169628,9,0,0,40,0
81,162882,9,0,0,35,0
38,130007,13,0,0,40,0
18,39222,7,0,0,40,0
35,359131,13,7298,0,8,1
33,348416,9,0,0,40,0
33,231826,4,0,0,40,0
37,188069,9,0,0,40,0
17,186067,6,0,0,10,0
46,384795,13,0,0,32,0
30,175931,10,0,0,44,0
50,133963,13,0,0,40,1
26,274724,10,0,0,40,0
23,361481,6,0,0,40,0
35,148581,9,0,1740,40,0
21,174907,9,0,0,40,0
55,175942,9,0,0,40,0
33,142675,13,0,0,30,0
27,210867,4,0,0,50,0
40,144067,11,0,0,40,0
37,178136,9,0,0,40,0
45,205424,10,0,0,65,1
47,114770,9,0,0,32,0
42,144236,10,0,0,60,0
44,26669,12,0,0,99,0
27,315640,14,0,0,20,0
24,304386,9,0,0,30,0
44,124692,9,0,1902,40,1
32,113543,15,0,0,40,1
30,112263,7,0,0,40,0
31,132996,9,5178,0,45,1
44,98779,6,4386,0,60,0
32,200246,13,0,0,40,1
20,107801,12,0,2205,18,0
21,118657,9,0,0,40,0
43,242488,10,5013,0,40,0
22,188950,10,0,0,40,0
43,260960,13,0,0,35,0
42,356934,14,0,0,40,1
35,154410,13,0,0,50,1
66,217198,9,0,0,10,0
39,444219,9,0,0,45,0
35,196373,13,0,0,45,1
22,40767,10,0,0,40,0
52,213209,10,0,0,40,1
56,172071,9,0,0,40,0
56,249368,9,0,0,70,0
50,116211,15,0,0,52,1
43,33331,15,0,1977,70,1
53,151580,10,15024,0,40,1
34,192002,13,0,0,40,1
40,37869,9,0,0,50,0
32,302845,9,0,0,48,0
38,173968,9,0,0,45,0
67,244122,11,0,0,1,0
52,122109,9,0,323,40,0
58,318106,9,0,0,40,1
38,149455,9,0,0,40,0
29,147755,10,0,1672,40,0
26,917220,8,0,0,40,0
39,202937,10,0,0,40,0
37,294292,15,0,0,40,0
49,128736,13,0,0,40,0
54,161334,14,0,0,40,0
18,39529,8,0,0,32,0
29,107812,9,0,0,40,0
79,333230,9,0,0,6,0
29,142519,9,0,0,40,0
20,211968,11,0,0,20,0
35,306678,9,2885,0,40,0
40,33155,9,0,0,40,0
32,193042,15,15024,0,60,1
22,157541,10,0,0,10,0
32,29312,6,0,0,80,1
19,427862,10,0,0,35,0
34,289731,7,0,0,40,0
44,138077,13,0,0,32,0
42,183479,11,0,0,40,1
36,313853,13,0,0,45,1
28,168524,11,0,0,40,0
28,206125,10,0,0,40,0
37,221740,13,0,0,30,1
30,233993,13,0,0,15,0
67,127543,6,2414,0,80,0
55,113912,11,0,0,20,0
36,311255,9,0,0,40,0
46,192779,12,0,2258,38,1
40,199303,9,0,0,40,0
28,54243,9,0,0,60,0
58,163113,9,0,0,35,1
30,87469,9,0,0,40,0
66,298834,10,0,0,40,0
17,154908,6,0,0,10,0
22,51262,9,0,0,40,0
29,190350,8,0,0,35,0
36,193026,13,0,0,40,1
61,115882,2,0,0,20,0
26,208122,10,0,0,45,0
43,176138,13,0,0,50,0
30,205950,10,0,0,40,1
22,148431,9,0,0,40,0
51,145166,9,0,0,50,0
30,250499,10,0,0,55,1
22,199266,13,0,0,30,0
30,226943,9,0,0,35,0
60,296485,3,0,0,40,0
20,50397,10,0,0,35,0
29,188675,10,0,0,40,1
38,235379,12,0,0,36,0
41,648223,2,0,0,40,0
46,141058,9,0,0,65,0
22,235853,5,0,0,40,0
23,223019,9,0,0,40,0
46,248895,13,0,0,40,1
56,139616,13,0,0,45,1
52,416059,13,0,0,40,1
33,281030,9,0,0,94,0
49,134797,10,0,0,40,0
38,193026,9,0,0,50,1
53,123703,9,0,0,40,0
26,284078,10,0,0,40,0
18,163787,10,0,0,15,0
44,231348,10,0,0,40,1
35,374524,15,0,0,75,1
23,320294,9,0,0,40,0
58,400285,9,0,0,40,1
50,320510,13,0,1902,40,1
47,344157,7,0,0,40,0
34,224358,6,0,0,40,0
45,179135,9,0,0,40,0
54,96792,9,0,0,32,0
47,202856,10,0,0,36,0
47,161558,6,0,0,45,0
46,320421,13,0,0,25,0
46,173613,9,0,0,30,0
27,236246,12,0,0,40,0
19,302945,10,0,0,10,0
69,28197,9,0,0,60,1
20,262749,10,0,0,35,0
51,77905,11,0,0,40,0
41,116520,16,0,0,40,1
21,227986,9,0,0,40,0
60,135470,3,0,0,40,0
46,315423,10,0,2042,50,0
25,486332,9,0,0,40,0
22,57827,10,0,0,40,0
30,255004,12,0,0,52,0
32,42485,9,0,0,40,0
25,193820,13,0,1876,40,0
39,189092,13,0,0,45,0
47,217509,9,0,0,45,0
32,173730,13,7688,0,40,1
31,359249,11,0,0,40,0
37,161111,13,0,0,40,0
44,174684,9,0,0,40,0
26,166295,13,0,0,41,0
52,190333,10,0,0,40,1
29,349154,6,0,0,40,0
46,110702,10,2036,0,60,0
46,130364,9,0,0,40,0
69,476653,13,0,0,20,0
42,46221,16,27828,0,60,1
42,351161,10,0,0,40,0
22,211968,13,0,0,40,0
39,188069,5,0,0,25,0
24,227070,6,0,0,40,0
24,257500,9,0,0,40,0
37,343721,13,0,0,40,1
60,128367,10,3325,0,42,0
43,220776,14,0,0,35,1
51,251487,4,0,0,40,0
30,177531,9,0,0,25,0
29,128509,9,0,0,38,0
70,155141,13,0,2377,12,1
22,160120,6,0,0,30,0
60,113658,10,0,0,35,0
51,98791,10,0,0,40,1
28,25955,10,0,0,40,0
26,272986,12,0,0,8,0
51,104651,13,0,0,50,0
47,247676,14,5455,0,45,0
18,120781,6,0,0,20,0
28,198813,9,0,0,40,0
49,40000,13,4064,0,44,0
69,102874,9,0,0,24,0
78,180239,14,0,0,40,0
36,160120,13,0,0,45,0
33,193246,9,0,0,55,0
44,567788,3,0,0,40,0
23,201145,9,0,0,65,0
36,111128,13,0,0,48,1
24,509629,9,0,0,25,0
45,188950,14,0,0,50,1
34,347166,16,0,0,50,1
35,162651,13,0,0,40,0
60,137733,13,0,0,50,0
37,249720,13,0,0,27,0
55,223613,2,0,0,30,0
24,259865,9,0,0,30,0
40,168071,9,0,0,28,0
43,311177,10,0,0,30,0
59,221336,6,0,0,40,0
63,101996,14,0,0,40,1
26,127202,9,0,0,40,0
22,121471,7,0,0,40,0
29,120359,9,0,0,40,0
73,90557,7,0,0,8,0
22,309178,9,0,0,40,0
33,198452,12,0,0,45,0
51,49017,9,0,0,24,0
47,151584,9,0,1876,40,0
29,239632,9,0,0,40,0
28,118861,6,0,0,48,0
41,170924,14,0,0,40,0
34,175697,11,0,0,75,0
37,126743,2,0,0,53,0
30,496414,16,0,0,40,0
49,181717,11,0,0,36,0
35,255191,13,0,0,45,1
22,184813,10,0,0,40,0
31,210926,9,0,0,40,0
46,190729,10,0,0,40,0
43,225165,7,0,0,55,0
36,181065,12,0,0,40,1
71,179574,15,0,0,12,1
56,146660,9,0,0,60,0
31,145377,13,0,0,60,0
34,152493,9,0,0,70,0
22,347803,10,0,0,20,0
19,167428,10,0,0,40,0
61,179761,9,0,0,40,1
43,152420,10,0,0,50,0
43,261929,16,25236,0,64,1
45,34248,9,0,0,50,0
51,94081,9,0,0,40,1
35,106028,9,0,0,65,0
36,269722,14,0,0,40,0
28,132078,13,0,0,40,0
20,234880,10,0,0,30,0
42,115323,16,0,0,7,0
56,295067,13,14084,0,45,1
59,453067,10,0,0,36,1
31,345277,13,0,0,40,0
21,231053,9,0,0,30,0
34,103651,10,0,0,40,1
21,207988,9,0,0,35,0
55,90414,13,0,0,55,0
52,132973,9,0,0,38,0
27,178778,9,0,0,40,0
25,113436,10,0,0,15,0
22,306967,10,0,0,25,0
35,52187,10,0,0,30,0
36,116608,9,0,0,38,0
24,329530,5,0,0,45,0
47,93476,13,0,0,70,0
62,210464,9,0,0,38,0
47,227244,13,0,0,50,1
22,190625,13,0,0,20,0
25,334133,14,0,0,20,0
46,182533,13,0,0,40,0
28,109282,10,0,0,40,0
39,137522,9,0,0,40,1
54,172962,9,0,0,40,0
20,234474,10,0,0,20,0
29,351731,10,0,0,40,0
22,150683,9,0,0,24,0
25,485496,9,0,0,40,0
31,118551,5,0,0,40,0
18,255282,7,0,1602,48,0
29,309463,5,0,0,40,0
27,200733,9,0,0,55,0
54,163826,9,0,0,40,0
19,278480,10,0,0,40,0
38,33887,9,0,0,40,0
24,283613,13,0,0,40,0
21,188535,10,0,0,40,0
48,148995,13,0,0,60,1
33,214129,10,0,0,40,0
23,107801,10,0,1617,25,0
44,467799,9,0,0,40,0
50,168539,9,0,0,40,1
37,241463,9,0,1848,65,1
43,174325,4,0,0,40,0
40,116218,10,0,0,45,0
71,183678,15,0,0,16,0
27,331046,13,0,0,45,0
34,426431,13,0,0,40,0
25,190350,6,0,0,35,0
70,97831,9,0,0,4,0
36,607848,10,7688,0,45,1
28,119793,9,0,0,60,0
49,120629,10,0,0,30,0
54,146574,9,0,0,40,1
24,85041,9,0,0,25,0
58,349910,9,7688,0,40,1
52,75839,10,0,0,40,0
44,172296,10,0,0,60,0
25,182750,13,0,0,45,1
50,158294,11,3103,0,40,1
24,341368,9,0,0,40,0
27,37088,13,0,0,30,0
45,146857,13,0,0,38,1
34,154548,10,0,0,38,0
34,349169,14,0,0,40,0
48,219565,9,0,0,40,0
59,195176,13,0,0,72,0
39,209609,9,0,0,50,0
40,191982,11,0,0,40,1
38,470663,13,0,0,50,0
56,196307,16,0,0,40,1
36,175232,9,5178,0,40,1
56,205601,16,99999,0,70,1
54,145714,9,7688,0,25,1
25,202560,10,0,0,40,0
60,124987,13,7298,0,40,1
39,176949,12,0,0,52,0
31,206512,7,0,0,25,0
20,165201,10,0,0,4,0
48,115497,10,0,0,40,0
38,472604,13,0,0,35,0
23,141003,9,0,0,60,0
39,53447,9,0,0,40,0
20,194138,7,0,0,20,0
21,306114,9,0,0,35,0
40,277647,13,0,0,40,1
55,220262,9,0,0,40,0
48,145886,13,0,0,60,0
47,29819,14,0,1977,50,1
46,224108,9,0,0,50,0
20,172047,10,0,0,10,0
24,198259,9,0,0,30,0
38,110713,12,0,0,50,1
47,318593,9,0,0,25,0
73,139978,7,0,0,40,0
70,379819,10,10566,0,40,0
35,308874,9,0,0,40,0
36,111268,12,0,0,40,0
57,191983,10,0,0,50,0
70,235781,10,0,0,40,0
40,33658,9,0,0,40,0
58,102509,6,0,0,50,0
59,241297,10,6849,0,40,0
24,247075,9,0,0,20,0
44,56483,13,0,0,37,0
31,117816,4,0,0,70,0
21,296158,9,0,0,40,0
42,126094,9,0,0,39,0
48,148121,13,0,0,40,0
58,123329,9,0,0,16,0
25,231016,14,4650,0,37,0
49,129513,9,0,0,50,1
38,275338,13,1151,0,40,0
31,37030,12,0,0,25,0
52,259363,9,0,0,50,1
37,28887,9,0,0,40,1
28,141957,13,0,0,50,0
27,218184,10,0,0,40,0
36,229180,10,0,0,40,0
37,188774,13,0,0,40,0
34,302770,10,0,0,60,0
39,108419,10,0,0,40,0
69,370837,13,0,0,40,0
33,252168,10,0,0,40,0
48,80430,7,0,0,30,0
39,324231,9,0,0,40,0
43,150533,12,0,0,50,0
41,27187,11,0,2415,12,1
31,87560,10,0,0,50,0
33,137616,14,0,0,35,0
27,156516,10,0,2377,20,0
33,24504,9,0,0,50,0
31,129804,5,0,0,40,0
35,31023,13,0,0,45,0
17,140117,6,0,0,12,0
50,128478,9,0,0,60,1
29,196116,15,2174,0,72,0
28,337378,9,0,0,40,0
49,184428,13,0,0,40,0
23,175837,7,0,0,40,0
90,39824,9,401,0,4,0
25,106377,10,0,0,40,0
47,274883,9,0,0,40,0
37,22201,13,7298,0,40,1
23,330571,13,0,0,25,0
18,36251,6,0,0,15,0
23,227594,9,0,0,30,0
59,223215,13,0,1977,50,1
34,339142,9,0,0,40,0
26,283715,9,0,0,40,0
38,357173,9,0,0,40,0
45,305739,10,0,0,40,0
23,172047,9,0,0,40,0
45,289230,13,0,0,48,1
47,328216,10,7298,0,40,1
44,358199,10,0,0,45,1
22,236769,13,0,0,20,0
44,174051,10,0,0,35,0
37,182675,10,0,0,45,1
42,115178,13,0,0,15,0
57,223214,9,0,0,50,0
30,147921,11,0,0,46,0
44,257758,16,0,0,40,1
39,150217,10,0,0,38,0
43,56063,13,0,0,60,0
33,163110,13,0,0,20,0
25,124111,9,0,0,38,0
55,83401,3,0,0,40,0
51,245873,10,0,0,40,0
42,199095,11,0,0,40,0
40,170019,9,0,0,40,0
35,67083,9,0,0,40,0
24,55424,13,0,0,40,0
36,186815,14,0,0,50,0
51,169364,10,0,0,40,0
24,59146,13,0,0,40,0
31,263000,11,0,0,38,0
56,314727,9,0,0,35,1
42,112181,9,0,0,40,0
39,24721,10,0,0,35,0
21,138768,10,0,0,40,0
31,126501,10,0,0,40,0
33,70447,9,0,0,40,0
53,77651,9,0,0,40,0
31,363130,10,0,0,40,1
22,459463,8,0,0,50,0
25,118088,9,0,0,40,0
28,116531,9,0,0,40,0
38,214542,10,0,0,40,0
26,39640,10,0,0,60,0
50,346014,4,0,0,20,0
33,88913,10,0,0,40,0
34,288486,7,0,0,40,0
32,137076,10,15024,0,60,1
47,188386,13,0,0,45,1
27,390657,9,0,0,40,0
19,307496,10,0,0,16,0
41,197919,9,0,0,60,0
35,125933,13,0,0,50,1
38,195744,13,0,0,48,0
55,223594,10,7688,0,40,1
30,149787,10,0,0,40,0
22,166371,10,0,0,40,0
41,168730,10,0,0,50,1
38,103925,9,2036,0,20,0
29,272913,9,0,0,30,0
60,141637,14,0,0,40,1
17,163836,6,0,0,12,0
18,36882,9,0,0,20,0
50,289207,16,0,1902,45,1
21,166517,9,0,0,40,0
44,181762,10,0,0,50,0
41,57924,10,7688,0,50,1
90,225063,10,0,0,10,0
25,211424,13,0,0,40,0
22,192017,9,0,0,40,0
34,119153,7,0,0,50,0
35,31964,13,0,0,50,1
28,96219,13,0,0,5,0
42,160893,10,0,0,23,0
46,30219,10,7688,0,38,1
39,143385,9,0,0,40,0
53,204447,14,0,0,43,1
45,363677,16,0,1977,30,1
42,339346,14,0,0,25,0
21,88926,10,0,0,10,0
18,338836,9,0,0,20,0
40,235371,11,0,0,40,0
37,90881,10,8614,0,55,1
47,193047,16,99999,0,50,1
47,181652,9,0,0,40,0
26,120268,13,0,0,24,0
25,193820,14,0,0,35,0
44,311357,15,0,0,50,1
58,27385,9,0,0,60,1
29,138597,12,0,0,40,0
42,144778,9,0,0,50,0
47,121836,14,7688,0,38,1
24,195808,9,0,0,40,0
50,172052,9,0,0,35,1
31,190305,14,0,0,50,0
24,208826,16,0,0,99,0
44,239723,10,1506,0,45,0
32,207685,9,3908,0,40,0
36,240323,10,0,0,40,0
57,182028,13,0,0,40,0
49,177211,13,0,0,40,0
46,55237,10,0,0,40,0
32,185480,11,0,0,40,0
27,139209,9,0,0,40,0
33,195576,9,4386,0,60,0
45,77927,13,0,0,40,0
26,77698,10,0,0,40,0
35,194490,9,0,0,38,0
27,298510,9,0,0,40,0
65,80174,9,1848,0,50,0
67,106143,16,20051,0,40,1
25,283087,10,0,0,40,0
26,205109,14,0,0,40,0
51,200576,10,0,0,63,0
90,250832,6,0,0,40,0
52,123011,15,0,0,50,1
38,32271,10,0,0,40,0
28,226198,9,0,0,40,0
19,202184,10,0,0,15,0
24,315303,9,0,0,25,0
63,201631,5,0,0,40,0
61,162391,4,0,1651,40,0
35,89040,13,0,0,40,1
57,134195,9,0,0,40,0
30,158002,10,0,0,55,0
53,35305,13,0,0,57,0
30,226535,4,0,0,40,0
64,169604,7,0,0,40,0
46,183168,13,0,0,43,0
51,169112,14,0,0,40,1
66,142624,12,5556,0,40,1
23,135138,13,0,0,40,0
25,101812,11,0,0,41,0
48,40666,9,0,0,40,0
17,108402,6,0,0,20,0
28,38309,11,2407,0,40,0
32,174215,10,0,0,40,0
19,265576,9,0,0,50,0
33,332379,9,0,0,40,1
38,192337,13,7688,0,40,1
27,321577,9,0,0,40,0
41,287306,9,0,1902,40,1
41,154076,10,0,0,50,1
39,231180,9,0,0,50,0
29,253856,13,0,0,20,0
27,169815,13,0,0,40,0
33,355856,12,0,0,60,0
40,255675,10,0,0,40,1
49,203505,9,0,0,40,0
47,39986,13,0,0,40,0
32,187901,11,0,0,23,0
38,254114,10,0,0,40,0
27,660870,13,0,0,60,0
25,171818,13,0,0,40,0
57,225927,6,0,0,40,0
46,121370,9,0,0,30,0
37,67125,9,0,0,60,0
44,230478,13,0,0,40,1
25,231638,9,0,0,40,0
18,126021,9,0,0,20,0
29,144592,13,0,0,40,0
22,183257,10,0,0,20,0
20,131611,10,0,0,48,0
40,86912,16,0,0,50,1
41,177905,14,0,0,45,1
55,111625,9,0,0,40,0
29,116662,13,0,0,40,0
23,206129,11,0,0,40,0
48,38950,13,15024,0,50,1
64,65991,9,7298,0,45,1
50,35224,9,0,0,40,0
57,315460,15,0,0,36,0
38,202683,9,0,0,40,0
25,193701,13,0,0,38,0
25,143062,9,0,0,40,0
34,353270,11,0,0,40,0
27,162104,5,0,0,40,0
54,175912,6,0,0,40,0
30,423064,9,0,0,35,0
55,199067,13,15024,0,42,1
55,76901,12,0,0,55,1
56,154537,10,0,0,50,1
20,105312,9,0,0,35,0
46,108699,10,0,0,60,0
31,344275,9,0,0,44,0
61,68268,6,0,0,55,0
64,182866,9,0,0,40,0
61,111563,13,0,0,20,1
38,34173,13,0,0,45,0
53,47396,10,0,0,50,1
20,386643,10,0,0,40,0
39,432555,9,0,1628,40,0
40,162098,9,0,0,30,0
34,242984,13,0,0,50,0
26,56929,13,0,0,50,0
22,134192,10,0,0,10,0
65,105017,13,0,0,40,0
33,155475,9,0,0,40,0
48,117849,10,0,0,40,1
37,204277,9,0,1848,48,1
73,80986,9,0,0,20,0
69,32287,6,0,0,25,0
23,226891,9,0,0,20,0
25,396633,10,0,0,56,1
41,151990,11,0,0,15,1
22,72310,7,0,0,65,0
44,134120,9,0,0,40,1
20,132053,10,0,0,2,0
45,174426,9,0,0,40,0
25,187508,10,0,0,40,0
40,184378,10,0,0,60,0
50,104849,15,0,0,40,0
18,165532,8,0,0,15,0
37,48779,13,0,0,40,0
37,160035,10,0,0,40,0
30,36340,9,0,0,24,0
31,123037,10,0,0,13,0
22,117779,13,0,0,40,0
37,234901,10,0,0,50,1
42,231813,7,0,0,40,0
66,169804,13,20051,0,40,1
38,58108,13,0,0,50,1
29,172865,9,0,0,50,0
19,29798,8,0,0,20,0
71,229424,9,0,0,40,0
27,189462,14,0,0,46,0
29,29974,9,0,0,40,0
50,118565,7,0,0,40,0
58,154950,13,0,0,40,1
34,33442,11,0,0,40,0
19,190817,10,0,0,40,0
34,101709,9,0,0,40,0
54,238257,13,0,0,50,0
39,206253,13,0,0,40,0
28,139568,7,0,0,40,0
54,172898,15,5178,0,50,1
58,105060,10,0,0,37,0
30,261677,5,0,0,40,0
18,115443,7,0,0,25,0
43,182757,9,0,0,40,1
21,202570,8,0,0,48,0
54,123011,9,0,0,40,1
56,357118,14,0,0,40,1
62,71467,13,0,0,55,1
24,127185,12,0,0,40,0
42,201723,10,0,0,40,0
39,343476,13,15024,0,50,1
52,77392,9,0,0,60,0
21,171156,10,0,0,35,0
27,204515,13,0,0,36,0
44,274562,9,14344,0,40,1
27,145784,10,0,0,45,0
26,350853,3,0,0,40,0
38,85244,13,0,0,40,0
32,29933,9,5178,0,40,1
22,374116,9,0,0,35,0
52,112959,10,0,0,40,0
65,87164,7,0,0,20,0
35,189404,10,0,1740,40,0
29,267661,9,0,0,70,0
24,212300,9,0,0,38,0
22,211361,13,0,0,30,0
29,79387,13,0,0,50,1
80,173488,10,0,0,20,0
23,157127,10,0,0,20,0
26,170786,10,0,0,40,0
20,247794,11,0,0,35,0
39,279490,10,0,0,40,0
22,110371,9,0,0,50,0
50,96657,13,0,0,40,0
36,110998,14,0,0,40,0
30,53285,9,0,0,52,1
17,303317,7,0,0,40,0
44,182629,14,0,0,24,0
62,96099,9,0,0,40,0
43,345969,15,0,0,50,1
47,137354,10,0,0,40,0
51,26832,9,0,0,40,1
30,59496,10,0,0,40,0
23,32950,13,0,0,40,0
39,286026,13,0,0,40,1
30,136651,3,0,0,40,0
23,200318,12,0,0,20,0
58,191069,9,0,0,40,1
56,197114,9,0,0,28,0
58,274917,14,0,0,15,0
33,105370,9,0,0,70,0
48,345006,13,0,0,45,0
39,165235,13,0,0,40,1
34,345705,9,0,1408,38,0
56,343849,10,0,0,40,0
60,376133,9,15024,0,15,1
53,96062,13,0,0,40,0
17,413557,5,0,0,40,0
26,137658,10,0,0,45,0
72,97304,9,2346,0,40,0
45,27184,9,0,0,38,0
60,223696,2,0,0,38,0
78,59583,4,0,0,25,0
47,274720,3,0,0,40,0
22,113062,13,0,0,40,0
34,287737,13,0,0,40,0
37,99233,9,0,0,40,0
47,280798,10,0,0,40,1
23,61743,3,0,0,35,0
51,85423,9,0,0,55,1
35,278632,9,0,0,40,0
38,187346,9,0,0,40,0
50,120190,14,0,0,45,0
28,309196,13,0,0,40,0
50,24185,13,0,0,38,1
44,106900,14,0,0,44,1
20,195411,9,0,0,20,0
36,930948,10,6497,0,56,0
25,81286,9,0,0,45,0
21,243368,1,0,0,50,0
31,323020,10,0,0,30,0
36,184498,7,0,0,40,0
52,117674,9,0,0,55,1
51,107123,4,0,0,40,0
29,53642,11,0,0,40,0
49,149049,10,14344,0,45,1
54,203635,9,7298,0,60,1
41,274363,10,7298,0,42,1
28,95725,11,0,0,45,0
31,158162,13,13550,0,50,1
25,207875,10,0,0,20,0
38,169104,14,0,0,60,1
62,238913,10,2829,0,24,0
23,306601,13,0,0,40,0
62,232719,14,0,0,50,0
31,323069,12,0,880,45,0
27,431637,15,0,0,70,0
37,233571,11,0,0,37,1
25,161027,13,5178,0,40,1
25,280093,7,0,0,40,0
33,205950,9,0,0,40,0
39,164712,10,0,0,40,0
57,124771,9,0,0,40,0
60,165827,16,7688,0,60,1
53,215790,10,0,0,22,0
21,111467,10,0,0,40,0
53,82646,16,0,0,55,1
29,214925,14,0,0,60,0
32,223267,14,0,0,48,0
49,202467,9,0,0,40,1
39,147548,9,0,0,40,0
23,203715,9,0,0,40,0
51,338620,14,15024,0,60,1
32,126838,9,0,0,40,0
48,105838,13,0,0,45,1
42,350387,9,0,0,15,0
24,283757,13,0,0,39,0
29,37933,8,0,0,40,0
71,229110,9,0,0,33,0
31,204829,9,0,0,40,0
49,54260,13,0,0,40,1
35,340018,6,0,0,38,0
23,238092,13,0,0,40,0
25,202091,9,0,0,40,0
35,219902,9,0,0,48,0
32,251612,3,0,0,45,0
47,152752,3,0,0,20,0
29,224858,10,0,0,60,0
50,186272,10,0,0,40,0
75,309955,15,0,2174,50,1
62,167098,13,0,0,40,1
42,83411,9,0,0,40,1
45,26502,13,0,0,72,1
66,141085,9,0,0,8,0
34,199227,10,0,0,55,0
30,455995,7,0,0,45,1
37,401998,9,0,0,20,0
23,51985,9,0,0,38,0
44,306440,9,0,0,40,0
53,42924,16,14084,0,50,1
53,123011,14,0,0,60,1
26,248990,9,0,0,40,0
29,94892,10,0,0,40,0
35,81232,13,15024,0,50,1
27,37088,5,0,0,30,0
63,156799,9,0,0,4,0
43,211763,16,0,0,24,1
38,292307,13,0,0,40,0
21,223352,9,1055,0,30,0
23,278254,9,0,0,45,0
24,169532,12,0,0,15,0
37,29814,9,0,0,50,0
60,234854,16,0,1902,40,1
46,207301,9,0,0,37,0
66,270460,4,0,0,40,0
27,68037,10,0,0,45,0
56,345730,13,0,0,45,1
60,82775,10,0,0,55,0
62,125155,9,0,0,38,0
19,278915,8,0,0,52,0
23,565313,10,2202,0,80,0
34,34862,13,0,1564,60,1
65,31924,10,0,0,15,0
65,185001,6,0,0,20,0
23,60668,6,0,0,40,0
39,99357,14,1506,0,40,0
38,275223,10,7298,0,40,1
20,91733,10,0,0,8,0
50,193871,13,0,0,40,0
40,206066,9,0,0,50,0
23,297152,10,0,0,25,0
53,290640,10,0,0,50,1
54,221915,15,0,0,65,0
29,253003,9,0,0,16,0
44,188331,10,0,0,42,0
44,187322,13,0,0,40,0
24,211049,4,0,0,20,0
25,50053,13,0,0,45,0
69,248248,2,0,0,34,0
23,419554,9,0,0,54,0
43,111895,13,0,0,50,1
18,193290,10,0,1721,20,0
58,147653,10,0,0,32,0
60,187458,4,0,0,40,0
28,410351,10,0,0,40,0
17,53611,8,0,0,6,0
34,188736,9,0,0,20,0
45,132847,9,0,0,40,0
51,257337,9,0,0,50,0
39,47871,13,0,0,50,1
19,129586,10,0,0,40,0
57,366563,10,0,0,40,0
19,536725,10,0,0,15,0
19,286002,10,0,0,30,0
47,101684,9,0,0,40,0
30,231413,10,0,0,40,1
30,278522,7,0,0,40,0
44,33121,10,0,0,72,0
56,183169,14,0,0,40,0
27,36440,13,0,0,40,0
37,177974,10,0,0,70,0
19,343200,10,0,0,25,0
25,109609,10,0,0,25,0
38,26698,9,0,0,40,0
22,276494,9,0,0,40,0
42,27661,13,0,0,45,0
40,93955,10,0,0,40,0
31,284703,14,0,0,40,0
50,166565,9,0,0,50,0
54,154785,13,0,0,50,0
19,177839,9,0,0,15,0
17,34088,8,0,0,25,0
55,176904,6,0,0,50,0
49,199058,9,0,0,38,0
50,158294,15,99999,0,80,1
55,28735,9,0,0,45,0
31,118149,10,0,0,40,0
18,446771,10,0,0,25,0
35,186126,14,0,0,38,0
31,152156,9,0,0,45,0
75,71898,1,0,0,48,0
23,170070,8,0,0,38,0
22,133833,10,0,0,40,0
33,201988,14,0,0,45,0
63,179400,9,2290,0,20,0
30,272669,10,0,0,40,0
23,146399,13,0,0,55,0
21,162160,10,0,0,40,0
34,271933,14,0,0,50,0
49,51620,16,0,0,60,0
59,114678,9,0,0,60,0
62,115176,9,0,0,65,0
21,159567,9,0,0,50,0
23,190290,13,0,0,40,0
51,171409,10,0,0,40,1
41,156566,10,0,0,40,1
47,201699,12,0,0,50,1
24,376393,11,0,0,40,0
20,163911,10,0,0,40,0
35,214896,9,0,0,45,0
42,158555,6,0,0,40,0
41,495061,16,99999,0,70,1
44,128485,11,0,0,40,0
69,71489,14,0,0,25,0
29,211482,13,0,0,50,1
46,237731,11,0,0,40,0
49,116163,13,0,0,50,0
27,33429,10,0,0,40,0
38,203763,9,0,0,40,0
28,149646,10,0,0,20,0
17,108909,9,0,0,20,0
53,122412,13,0,0,40,0
48,36228,9,0,0,44,0
34,117392,14,0,0,40,0
37,245053,10,0,1504,40,0
25,126133,10,0,0,40,0
36,33355,10,0,0,45,0
20,344492,9,0,0,26,0
32,286689,12,0,0,42,1
34,318641,13,0,0,45,1
23,207415,13,0,0,15,0
42,99554,10,0,0,40,0
44,214242,10,0,0,50,1
34,355700,9,0,0,20,0
23,217169,13,0,0,40,0
75,248833,9,2653,0,14,0
32,216145,10,4650,0,45,0
77,155761,10,0,0,8,0
20,318036,9,0,0,40,0
30,342709,9,0,0,40,0
46,173243,9,0,0,40,0
24,161092,9,0,0,40,0
56,51662,7,0,0,40,0
45,26781,10,0,0,40,0
58,100960,5,0,0,40,0
34,98995,11,0,0,40,0
35,241998,9,0,0,40,1
24,218215,11,0,0,20,0
36,192664,7,0,0,40,0
53,104879,9,0,0,40,1
22,145964,13,0,0,40,0
25,190350,9,0,0,40,0
51,259363,10,0,0,60,1
46,116666,9,0,0,40,0
45,120724,14,4386,0,40,0
24,133520,10,0,0,15,0
50,226735,10,0,0,70,1
22,374116,9,0,0,36,0
66,140849,9,0,0,25,0
45,125933,10,0,0,40,0
44,33126,10,0,0,80,0
23,49296,9,0,0,40,0
44,135056,14,0,0,16,0
27,114158,13,0,0,40,0
41,33068,14,0,1974,40,0
43,70055,10,0,0,40,0
63,39181,16,0,2559,60,1
24,197387,9,0,0,40,0
26,184026,10,0,0,50,0
22,184756,10,0,0,30,0
30,75573,13,0,0,45,0
53,174020,14,0,1876,38,0
40,336707,11,0,0,60,0
37,239397,6,0,0,40,0
46,70754,13,0,0,40,1
26,169727,9,0,0,40,0
27,292472,10,0,1876,45,0
43,247880,9,0,0,40,0
38,243484,13,0,0,28,1
32,137076,10,0,0,40,0
35,264627,7,0,0,84,0
33,122116,9,0,0,45,0
43,298161,9,0,0,40,0
62,186696,9,0,0,40,0
38,91857,10,0,0,41,0
52,139176,9,0,0,8,0
21,230248,9,0,0,25,0
27,46442,13,0,0,35,0
36,107125,9,0,0,50,0
28,281860,13,0,0,40,0
40,26598,13,0,0,40,0
25,239120,13,0,0,13,0
37,188503,13,0,0,35,0
37,337778,7,0,0,40,0
52,128272,9,0,0,14,0
33,154874,10,0,0,40,0
62,101475,12,0,0,40,0
26,257910,10,0,0,60,0
32,73498,4,0,0,40,0
43,183765,10,0,0,40,1
41,307468,9,0,0,50,0
40,116632,9,0,0,60,1
35,54953,9,0,0,40,0
43,438427,10,0,0,40,0
22,124454,10,0,0,30,0
40,187802,10,0,1887,40,1
31,50649,14,0,0,50,0
42,137698,3,0,0,35,0
17,207791,6,0,0,20,0
21,78170,9,0,0,42,0
21,189013,10,0,0,35,0
29,214706,9,0,0,40,0
38,137707,11,0,0,40,1
33,108116,9,0,0,40,0
36,460437,5,0,0,40,0
38,219546,13,0,0,40,1
67,166187,9,0,0,38,1
47,109921,9,0,0,32,0
27,220748,9,0,0,48,0
44,149943,15,0,0,60,1
49,118567,10,0,0,40,0
47,28035,13,0,0,50,1
50,281504,10,0,0,40,0
22,223019,9,0,0,40,0
40,189666,9,0,0,45,0
26,359327,10,0,0,50,0
54,346014,10,0,0,40,0
57,33725,13,0,0,50,1
31,398988,10,0,0,40,0
48,224870,9,0,0,38,0
39,327164,14,0,0,45,0
26,154604,9,0,0,40,0
36,192150,9,0,0,40,0
19,29526,10,0,0,18,0
60,238913,13,0,0,46,1
36,199947,10,0,0,30,0
33,183845,9,0,0,38,0
44,96249,10,3411,0,40,0
55,181220,9,0,0,50,0
31,194293,10,2463,0,38,0
44,121130,9,0,0,40,0
24,142227,13,0,0,30,0
63,57674,14,0,0,48,0
58,182123,9,0,0,44,0
24,95552,9,0,0,40,0
22,174461,10,0,0,15,0
17,181608,6,0,0,12,0
72,225780,16,0,0,30,0
26,245628,10,0,0,40,0
27,93206,10,0,0,40,0
50,163998,13,0,0,44,1
20,219122,10,0,0,40,0
24,111445,9,0,0,38,0
42,303155,12,0,0,40,0
44,169980,7,0,0,60,0
28,155397,13,0,0,55,0
64,30664,11,0,0,30,0
45,192793,10,0,0,40,1
44,445382,10,0,0,40,0
44,136986,10,0,0,60,1
27,96219,13,0,0,45,0
58,205410,9,0,0,40,0
33,289716,6,0,0,40,0
26,152452,13,0,0,50,0
46,292504,10,0,0,40,0
44,145160,9,0,0,58,0
74,228075,10,20051,0,25,1
38,607848,13,0,0,40,1
38,29874,11,0,0,40,0
50,143953,9,0,0,65,1
54,90363,12,0,0,40,1
60,89884,9,0,0,50,0
21,315303,10,0,0,20,0
33,419895,3,0,0,40,0
37,50837,4,0,0,50,0
43,247981,9,5455,0,50,0
34,193565,7,0,0,40,0
26,160445,9,0,0,40,0
43,92775,11,0,0,40,0
44,124692,14,0,0,35,1
39,216149,15,0,0,70,1
34,90705,10,0,1485,40,0
66,196736,2,0,0,30,0
32,198068,9,0,0,40,0
46,369538,6,0,0,40,1
32,257043,9,0,0,42,0
24,243368,1,0,0,36,0
34,174215,14,4787,0,45,1
24,230475,9,0,0,44,0
51,137253,9,0,0,40,1
28,246974,9,0,0,40,0
32,215047,4,0,0,40,0
47,329144,10,0,0,48,1
62,319582,9,0,0,32,0
30,31510,12,0,0,50,0
29,255949,13,0,0,40,0
37,282872,9,0,1628,40,0
31,145935,9,0,0,40,0
41,297186,9,0,0,40,0
42,50122,9,0,0,60,0
50,289390,9,0,0,47,0
30,210906,9,0,0,40,0
31,197252,4,0,0,40,0
33,67482,11,0,0,99,0
23,279243,10,0,0,40,0
60,349898,9,0,0,44,0
44,219441,6,0,0,35,0
30,163604,13,0,0,55,1
25,193773,9,0,0,35,0
35,127306,11,14344,0,40,1
20,188950,10,0,0,25,0
21,240063,10,0,0,25,0
52,389270,10,0,0,35,1
29,196912,13,0,0,40,0
33,217460,12,0,0,40,1
25,146117,10,0,0,42,0
36,35429,10,0,0,60,0
57,194850,10,0,0,40,0
36,101481,9,0,0,40,0
30,293512,11,0,0,40,0
26,194352,13,0,0,40,0
90,153602,9,6767,0,40,0
58,34878,13,0,0,50,0
45,56841,9,0,0,40,1
22,71379,10,0,0,35,0
48,435503,14,0,0,40,1
52,561489,14,0,0,50,0
21,216672,9,0,0,40,0
44,225263,10,0,1408,46,0
34,226629,9,0,0,40,0
34,24529,9,0,0,15,0
25,52536,12,0,1594,25,0
36,166549,13,0,0,55,1
30,227551,9,0,0,40,0
35,318891,12,0,0,40,0
33,102130,10,0,0,40,0
37,107737,9,0,0,45,0
53,103586,13,0,0,55,0
27,244402,12,0,0,40,1
42,155972,9,0,0,40,1
49,291783,13,0,0,40,1
48,105138,9,0,0,40,0
68,336329,9,0,0,10,0
26,104614,13,0,0,40,0
24,412156,9,0,0,40,0
31,182177,9,0,1902,40,1
40,55395,11,0,0,40,1
56,81220,10,0,0,40,0
35,322171,10,0,0,40,1
21,136610,8,0,0,32,0
50,94391,11,0,0,50,1
43,156771,6,0,0,40,0
39,24106,10,0,0,40,1
20,94744,9,0,0,20,0
24,36058,13,0,0,50,0
47,323798,15,15024,0,55,1
42,230684,9,5178,0,50,1
31,186144,4,0,0,40,0
20,178517,10,0,0,40,0
49,241753,9,0,0,40,0
51,200450,9,0,0,48,0
41,170924,10,0,0,7,0
41,210844,10,0,0,40,0
42,198316,11,0,0,35,0
59,106748,4,0,0,99,0
44,123572,5,0,0,40,0
30,216811,9,0,0,40,0
48,210424,9,914,0,40,0
28,190836,9,3411,0,40,0
57,71367,9,0,0,40,0
18,78181,7,0,0,30,0
22,117618,13,0,0,25,0
29,54932,9,0,0,40,0
18,59202,9,0,0,10,0
31,117963,9,0,0,60,0
32,30271,10,0,0,30,0
65,139960,9,10605,0,60,1
35,195516,9,0,0,40,0
24,175069,13,0,0,50,0
68,192829,12,0,0,43,0
60,237317,11,4934,0,40,1
48,34845,9,0,0,40,0
33,58582,9,0,0,40,0
23,210029,10,0,0,20,0
46,177305,11,0,0,35,1
38,183279,10,0,0,43,0
39,300760,9,0,0,50,0
40,99604,14,15024,0,24,1
38,208358,9,0,0,40,1
24,235722,9,0,0,40,0
44,100479,12,0,0,48,0
64,211360,9,0,0,30,0
50,117496,9,7298,0,30,1
17,206506,6,0,0,10,0
46,46537,14,0,0,40,0
47,205730,9,0,0,56,1
81,247232,6,2936,0,28,0
23,119665,9,0,0,60,0
48,201177,13,0,0,40,1
30,187279,9,0,0,44,0
56,178202,10,0,0,40,0
30,181091,13,0,0,40,0
32,159187,11,0,0,40,0
24,161198,13,0,0,25,0
43,40024,7,0,0,42,0
38,188503,10,6497,0,35,0
39,67187,9,0,0,40,0
53,228500,9,0,0,40,1
20,218178,9,0,0,40,0
43,174051,13,0,0,48,0
27,38918,9,0,1876,75,0
21,43475,9,0,0,40,0
31,161765,10,0,2051,57,0
17,152652,7,0,0,25,0
22,189888,9,0,0,45,0
27,207948,10,0,0,40,0
38,334366,10,0,0,15,0
24,41838,10,2407,0,40,0
52,404453,9,0,0,40,0
37,335168,10,0,0,55,0
58,244830,13,4787,0,40,1
37,116358,9,27828,0,48,1
50,302708,13,7688,0,50,1
34,56460,9,0,2179,12,0
35,261646,9,0,0,55,0
32,377836,11,0,0,40,0
23,289116,9,0,0,50,0
47,83046,13,0,0,18,0
35,187089,11,0,0,42,1
46,398986,16,0,1902,52,1
64,49194,7,0,0,30,0
34,189843,9,0,0,40,0
34,154667,9,0,0,40,0
55,270228,12,7688,0,40,1
60,101096,16,0,0,65,1
33,240979,10,0,0,40,0
26,248612,13,0,0,70,1
38,273285,7,0,0,32,0
36,132879,9,0,0,45,0
33,272359,13,7298,0,80,1
27,236481,15,0,0,10,0
27,179565,13,0,0,37,0
59,31137,9,0,0,70,0
19,199495,9,0,0,40,0
30,186420,13,0,0,35,0
19,174478,9,0,0,40,0
29,285419,8,0,0,40,0
41,95168,9,0,0,40,0
20,137876,10,0,0,40,0
56,60166,2,0,0,65,0
35,185621,13,0,0,40,0
61,101500,11,0,0,40,0
18,276540,8,0,0,15,0
26,258768,10,2174,0,75,0
35,183892,6,0,0,40,0
21,156807,9,0,0,10,0
48,184787,4,0,0,50,1
28,189530,12,0,0,40,1
20,110597,10,0,0,30,0
40,26880,10,0,0,40,0
47,198769,10,0,0,40,1
36,143068,10,0,0,40,0
54,21698,6,0,0,40,0
60,232618,9,0,0,40,0
26,485117,13,0,0,20,0
35,187711,9,0,0,40,0
21,191444,7,0,0,40,0
55,147098,5,0,0,50,0
59,132717,6,0,0,40,0
51,193720,9,0,0,40,0
28,140845,6,0,155,40,0
24,404416,10,0,0,40,0
33,214635,9,0,0,36,0
49,423222,14,99999,0,80,1
41,137126,13,0,1977,45,1
44,113597,10,0,0,55,1
41,41090,9,0,2002,60,0
65,149131,13,0,0,40,1
65,213477,14,0,0,28,0
37,315291,13,0,0,40,0
60,96099,10,0,0,40,1
54,327769,10,0,0,40,0
37,29054,9,0,0,50,0
21,184678,10,0,0,35,0
37,32528,9,0,0,40,1
26,366662,9,0,0,50,0
41,332703,9,0,625,40,0
28,365411,5,0,0,42,0
38,29430,10,0,0,40,0
36,251091,10,0,0,40,1
42,343609,10,0,0,50,0
37,164526,13,0,0,40,0
42,23510,14,0,2201,60,1
54,163894,10,0,0,40,0
31,154297,9,0,0,24,0
23,378460,10,0,0,20,0
44,151089,14,0,1887,60,1
20,379525,10,0,0,10,0
37,127918,10,0,0,20,0
40,253370,9,0,0,35,1
43,195258,9,0,0,40,1
35,953588,9,0,0,40,1
40,142444,13,0,0,45,0
28,212318,9,0,0,55,0
46,26781,9,0,0,40,0
43,263502,9,0,0,40,0
55,389479,14,0,0,50,1
33,121195,9,0,0,50,0
18,212936,10,0,0,15,0
30,73514,13,0,0,45,0
33,192002,14,7298,0,60,1
73,336007,13,0,2246,40,1
35,202027,13,7298,0,35,1
38,186934,10,0,0,45,0
42,344624,9,0,1902,50,1
47,217161,9,0,0,14,0
33,170336,9,0,0,19,0
23,189924,10,0,0,40,0
72,166253,9,0,0,2,0
30,115932,9,99999,0,50,1
34,125279,9,0,0,40,0
23,151888,9,4650,0,50,0
35,230268,10,0,0,40,0
49,38819,13,0,0,50,1
48,216214,7,0,0,40,0
24,96844,10,0,0,17,0
48,102092,9,0,0,40,0
27,193898,9,0,0,50,0
38,289148,9,0,0,40,0
42,172297,14,0,1902,40,1
55,165695,9,0,0,40,0
49,201080,10,0,0,55,0
33,232356,9,0,1672,55,0
22,229997,10,0,0,40,0
49,183013,9,0,0,40,0
30,108464,10,0,0,40,0
41,129155,7,0,0,40,0
62,226733,9,0,0,40,1
27,89813,9,0,0,40,0
28,274579,9,0,0,60,0
55,141326,9,0,0,40,1
34,213722,9,0,0,57,1
47,266281,7,6849,0,40,0
42,45363,12,0,0,50,0
20,482732,9,0,0,24,0
19,198663,9,0,0,40,0
36,220696,9,0,0,40,0
27,213152,10,0,0,40,0
61,253101,13,0,0,24,0
44,193882,11,0,1340,40,0
46,196858,14,0,0,35,1
61,224784,12,0,0,90,0
79,142171,4,1409,0,35,0
47,192894,9,0,0,50,1
59,171015,10,0,0,34,0
34,90614,12,0,2042,10,0
20,194630,9,3781,0,50,0
44,167005,10,4386,0,55,0
30,142977,10,0,0,65,0
29,262208,10,0,0,30,0
37,412296,9,0,0,35,1
32,30497,11,0,0,40,0
52,189216,9,0,0,65,0
52,72743,9,0,0,50,0
19,405526,9,0,0,40,0
20,147884,9,0,0,40,0
52,146565,12,4865,0,30,0
32,40444,14,0,0,50,0
61,54373,10,0,0,40,0
31,219619,9,0,0,48,0
25,117833,13,0,1876,40,0
29,168138,13,0,0,40,1
44,172479,9,15024,0,60,1
45,235891,12,0,0,40,0
59,105866,13,0,0,30,0
70,280307,13,0,0,20,0
54,167552,2,0,0,40,1
24,51973,13,0,0,20,0
22,88126,13,0,0,40,0
30,122889,14,0,0,50,1
67,257557,4,10566,0,40,0
31,176862,10,0,0,40,0
43,343061,4,4508,0,40,0
19,106273,10,0,0,38,0
58,113398,9,0,0,25,0
53,86600,9,0,0,40,0
63,181153,9,0,0,35,0
71,118119,10,20051,0,50,1
35,172571,13,0,0,50,0
26,210714,9,0,0,52,1
33,283921,10,0,0,40,0
28,31842,13,0,0,40,0
47,158451,10,0,0,45,0
40,63503,13,0,0,40,1
32,272376,12,0,0,40,0
60,116230,4,0,0,40,0
43,109912,13,0,0,7,1
23,167424,10,0,0,35,0
33,146440,10,0,1740,40,0
62,134768,14,0,0,35,0
32,184833,6,0,0,40,0
61,97030,10,0,0,30,0
26,257405,3,0,0,40,0
39,115215,9,0,0,40,0
46,145290,10,0,0,40,0
28,190391,13,0,0,40,0
41,103980,10,0,0,52,0
29,41013,15,0,0,55,0
37,187411,13,0,0,50,0
29,266070,13,0,0,80,0
34,346122,9,0,0,40,0
60,90915,7,0,0,40,1
59,32855,4,0,0,70,0
26,291968,13,0,0,40,0
52,35092,16,0,0,40,1
31,325658,9,0,0,40,0
46,152249,9,0,0,35,0
33,223212,9,0,0,40,0
45,216626,9,0,0,40,0
25,295919,12,0,0,40,0
22,39432,9,0,0,40,0
33,69748,9,0,0,40,0
48,155659,11,7688,0,40,1
30,33688,9,0,1669,70,0
44,469454,11,7298,0,48,1
45,154308,14,0,0,40,1
29,276345,9,0,0,50,0
30,190511,9,0,0,40,1
33,185336,11,0,0,40,0
52,167794,16,0,0,38,1
27,241607,13,0,0,50,0
30,183000,14,0,0,45,0
33,290763,10,0,0,40,0
35,285102,14,0,0,40,1
25,108542,13,0,0,35,0
42,109067,13,0,0,40,0
41,193524,9,0,1485,40,0
45,43434,13,0,0,40,0
49,247378,10,0,0,20,0
21,102942,10,0,2001,40,0
30,100734,10,0,0,40,0
41,160893,1,0,0,30,0
38,212048,15,0,0,30,0
25,210794,13,0,0,40,0
21,189203,11,0,0,40,0
18,188616,7,0,0,15,0
25,344804,9,0,0,50,0
33,219838,6,0,0,40,0
34,58305,9,0,1573,40,0
19,44797,10,0,0,15,0
36,115834,11,7298,0,55,1
35,302149,13,7298,0,40,1
37,176073,10,0,0,50,0
25,281627,14,0,0,40,0
18,173585,9,0,0,18,0
38,153685,7,0,0,52,0
19,169758,10,0,0,40,0
65,94552,10,0,0,40,0
17,216086,7,0,0,30,0
41,34987,13,0,0,35,1
48,135525,12,0,0,40,0
35,38294,9,0,0,40,0
26,104834,14,0,1669,40,0
52,282674,9,0,0,40,1
27,198258,13,0,0,35,0
59,277034,9,0,0,60,1
36,123151,7,0,0,60,0
52,199265,9,0,0,40,0
67,81761,14,0,0,2,0
49,102318,12,0,0,25,0
33,124052,9,0,0,40,0
43,330174,9,0,0,40,0
28,27044,12,0,0,43,0
46,55377,13,0,0,40,1
20,244406,9,0,0,40,0
38,201454,10,0,0,40,0
35,98080,15,4787,0,45,1
18,40822,7,0,0,15,0
27,209801,10,0,0,45,0
35,54595,8,0,0,40,0
67,191800,13,6360,0,35,0
45,160173,14,7688,0,50,1
20,57898,8,0,0,40,0
56,83922,10,0,0,40,1
35,188972,9,0,0,30,0
19,68552,9,0,0,30,0
44,30126,10,0,0,40,0
56,216824,15,0,0,40,1
28,149991,13,0,0,42,1
29,354558,9,0,0,60,0
38,162613,14,0,2258,60,0
21,143062,9,0,0,40,0
38,403391,13,0,0,60,0
36,163278,14,0,0,40,0
49,168262,6,0,0,48,0
40,195892,10,0,0,40,0
68,163346,9,0,0,32,0
42,23813,10,2885,0,30,0
71,52171,4,0,0,45,0
34,100669,13,0,0,40,1
31,113838,13,0,0,50,0
51,355954,10,0,0,60,1
21,265434,10,0,0,30,0
53,203173,11,0,0,45,0
23,183789,9,0,0,40,0
28,272913,6,0,0,30,0
37,137229,11,0,0,45,1
51,173291,9,0,0,40,0
46,305160,2,0,0,40,0
30,329425,9,0,0,40,0
30,156890,9,0,0,45,0
31,156763,9,2829,0,40,0
53,48641,8,0,0,35,0
45,185385,9,0,0,40,0
34,215047,10,0,0,45,0
48,103713,14,0,0,40,1
21,317175,9,0,0,60,0
61,187124,9,0,0,20,1
58,280519,9,0,0,40,0
41,106900,13,0,0,38,0
23,33884,10,0,0,40,0
29,179681,9,0,0,37,0
38,111499,15,0,0,50,1
20,196678,8,0,0,40,0
23,215395,11,0,0,50,0
22,34616,10,0,0,30,0
18,193166,5,0,0,42,0
18,167979,7,0,0,15,0
31,167725,13,15024,0,48,1
36,54159,13,0,0,45,0
39,210626,9,0,0,40,0
24,448026,13,0,0,40,0
49,60751,9,0,0,40,0
31,288983,10,0,0,40,0
44,109273,10,0,0,38,0
65,149131,7,0,0,40,0
41,170230,13,0,0,45,0
26,132749,10,0,0,45,0
27,221252,9,0,0,8,0
35,174308,10,0,0,40,0
32,90969,11,0,0,45,1
26,149734,9,0,1594,40,0
45,144579,13,0,0,40,1
30,79448,10,0,0,10,0
33,520033,8,0,0,40,0
61,357437,9,0,0,40,0
41,150533,15,0,0,50,1
38,224566,11,0,0,50,0
20,215232,10,0,0,10,0
34,351810,13,0,0,45,0
30,137613,14,0,0,20,0
35,201328,9,0,0,50,0
25,256620,13,0,0,40,0
45,148995,13,15024,0,40,1
64,307786,2,0,0,20,0
23,197613,10,0,0,40,0
20,24967,9,0,0,47,0
68,422013,9,0,3683,40,0
50,306707,9,0,0,12,0
37,257042,9,1506,0,40,0
25,462869,9,0,0,40,0
35,413648,3,0,0,36,0
42,289636,9,0,0,46,0
75,165968,11,0,0,30,0
46,268281,12,0,0,40,0
45,77132,10,0,0,55,0
20,327462,6,0,0,40,0
44,277144,13,0,0,60,0
18,265099,7,0,0,16,0
43,73883,13,0,0,45,0
27,106316,15,0,0,12,0
72,259762,9,2290,0,10,0
59,32954,11,0,0,36,0
50,195784,8,0,0,40,0
21,202214,12,0,0,10,0
40,225165,9,0,0,40,0
37,415500,10,0,0,40,1
18,78181,9,0,0,20,0
31,511289,9,2907,0,99,0
33,159574,4,0,0,45,0
24,62952,9,0,0,40,0
51,140516,14,0,0,40,1
50,163921,4,0,0,40,0
30,281030,11,4064,0,40,0
50,95949,13,0,0,50,0
19,261259,9,0,0,20,0
62,138157,9,0,0,12,0
25,216724,9,0,0,40,0
20,179423,10,0,0,8,0
45,168038,13,0,0,60,1
56,110257,9,0,0,40,0
21,369084,10,0,0,10,0
20,162688,9,0,0,38,0
46,345073,9,0,0,48,1
29,144808,10,0,0,40,0
40,30682,9,0,0,45,1
25,219130,10,0,0,40,0
30,94413,10,0,0,30,0
30,165503,13,0,0,65,0
47,350759,9,0,0,40,1
55,98361,13,15024,0,55,1
51,162943,15,0,0,40,1
55,278228,6,0,0,35,0
70,304570,13,0,0,32,0
37,260093,9,0,0,40,0
49,123088,10,0,0,46,0
23,181820,9,0,0,53,0
47,215620,14,15024,0,55,1
28,77009,4,0,0,50,0
25,248851,13,0,0,40,0
29,199450,10,0,0,40,0
43,33126,10,0,0,50,0
41,102085,9,0,0,40,0
19,101549,10,0,0,15,0
53,236873,14,0,0,40,1
44,89172,13,0,0,80,0
18,195372,7,0,0,20,0
51,254211,14,0,0,50,1
18,184277,9,0,0,25,0
23,294701,9,0,0,40,0
48,159854,2,0,0,40,0
24,187551,10,0,0,20,0
56,78090,10,0,0,48,0
43,301638,8,0,1579,40,0
41,187462,11,0,0,40,0
50,45961,13,6849,0,40,0
22,199336,10,0,0,25,0
38,229009,9,0,0,45,0
45,738812,9,0,0,46,0
56,204816,9,0,0,55,1
23,329925,10,0,0,30,0
69,240562,15,99999,0,40,1
25,191921,13,0,0,25,0
23,233472,13,0,0,40,0
39,99065,10,0,0,39,0
44,152150,12,0,0,40,0
44,159580,8,0,0,40,0
18,126125,9,0,0,20,0
52,330799,5,0,0,40,0
48,243631,9,0,0,30,0
47,145868,7,0,0,40,0
27,90692,11,0,0,40,0
54,261207,4,0,0,45,0
37,126954,13,0,0,50,1
50,156951,12,3103,0,40,1
25,361493,13,3325,0,40,0
51,195844,10,0,0,40,1
29,535978,10,0,0,45,0
39,274683,10,7688,0,50,1
22,205839,10,0,0,45,0
47,216657,9,0,0,60,0
29,423024,3,0,0,40,0
29,245310,10,0,0,35,0
50,151580,12,0,0,45,0
60,210827,13,7688,0,40,1
59,81929,16,0,2415,45,1
29,210959,12,0,0,40,0
59,200700,13,0,0,48,1
21,116489,10,0,0,60,0
27,85625,9,0,0,22,0
37,73715,10,0,0,40,1
32,171091,9,0,0,50,1
28,141957,12,0,1887,70,1
36,107916,9,0,2002,40,0
24,456460,12,0,0,40,0
48,199763,10,0,0,20,0
18,74539,6,0,0,20,0
63,96930,12,0,0,40,1
54,115602,9,0,0,40,0
24,237341,10,0,0,40,1
42,106679,9,0,0,50,1
40,341204,10,1831,0,30,0
58,212534,9,0,0,40,0
38,190759,7,0,0,40,0
18,294387,7,0,0,40,0
28,312372,9,15024,0,40,1
38,203138,13,0,0,50,1
47,218676,14,0,0,45,0
29,71860,9,0,0,60,0
32,281540,10,0,0,50,0
36,112847,13,0,0,40,0
49,57665,13,0,0,40,0
37,195189,10,0,0,40,0
37,252939,11,5455,0,40,0
58,203735,9,0,0,40,0
25,110138,9,0,0,40,0
57,104272,7,0,0,40,0
66,140576,4,0,0,40,0
29,119429,9,0,0,40,0
66,274451,5,0,0,25,1
33,168030,9,0,0,32,0
30,101266,9,0,0,40,0
32,170154,12,25236,0,50,1
31,202450,9,0,1573,40,0
53,31588,13,0,0,52,1
22,115244,12,0,0,40,0
41,207685,10,0,0,21,0
40,151408,14,0,0,40,0
18,165316,9,0,0,30,0
43,152617,10,0,0,40,0
49,72619,10,0,0,50,0
24,183410,10,0,0,17,0
73,191540,13,0,0,50,1
43,129853,6,0,0,40,0
31,231826,9,0,0,52,0
33,112900,9,0,0,40,0
27,185127,11,0,0,40,0
41,152880,9,0,0,28,0
31,263561,14,0,0,40,1
39,124685,14,0,0,99,1
32,113838,10,0,0,40,0
21,113106,10,0,0,30,0
23,57827,13,0,0,40,0
59,515712,4,0,0,40,0
50,174655,10,0,0,45,1
41,149102,13,0,0,60,1
29,177398,14,0,0,40,1
35,226379,9,0,0,25,0
45,98765,9,0,0,40,0
29,192283,10,0,0,20,0
26,206307,9,0,0,40,1
30,398662,9,0,0,40,0
41,55854,13,0,0,56,1
23,186014,10,0,0,15,0
56,176280,9,0,0,50,0
37,108320,13,0,0,45,1
20,385077,8,0,0,40,0
27,50132,10,0,0,50,0
22,175883,9,0,0,40,0
19,351802,9,0,0,35,0
37,196529,14,0,0,45,1
35,175769,9,0,0,65,1
47,206947,12,0,0,67,0
42,236323,9,0,0,40,0
46,72896,5,0,0,43,0
33,134886,9,0,0,20,0
37,38948,9,0,0,50,0
35,140854,9,0,0,60,0
33,259301,10,0,0,41,0
20,196643,9,0,0,40,0
54,35576,10,0,0,40,0
51,47415,12,0,1628,30,0
33,238002,5,0,0,40,0
28,30237,10,0,0,40,0
19,229756,9,0,0,50,0
21,177526,10,0,0,40,0
53,167033,10,0,0,40,0
61,34632,8,0,0,40,0
46,250821,15,0,0,48,0
69,180187,12,0,0,6,0
39,139647,10,0,0,56,0
28,130067,13,0,0,40,1
56,76142,9,0,0,40,0
62,198686,9,0,0,40,0
52,123011,9,0,0,45,0
41,149909,13,7688,0,50,1
36,389725,10,0,0,45,0
53,295520,5,0,0,25,0
26,151551,10,2597,0,48,0
48,148549,13,0,0,50,0
40,150755,13,99999,0,75,1
40,199900,12,0,1848,55,1
54,88019,10,0,0,55,0
30,382368,9,0,0,40,0
37,38948,9,0,0,50,1
30,214063,10,0,0,72,0
45,194698,10,0,0,40,1
37,105266,10,0,0,40,0
38,272950,10,0,0,50,0
29,160786,6,0,0,35,1
57,399246,13,0,1485,40,0
25,180884,10,0,0,40,0
33,123920,10,0,0,40,0
39,50700,9,0,0,40,0
79,76641,14,20051,0,40,1
21,75763,10,0,0,40,0
33,175509,9,0,0,40,0
51,215404,13,15024,0,40,1
38,123833,10,0,1408,40,0
42,29320,15,0,0,60,1
52,207841,10,0,0,40,0
45,168598,8,3103,0,40,1
53,240914,10,0,0,40,0
36,186035,7,5178,0,40,1
39,115289,10,0,1380,70,0
34,195602,12,0,0,44,0
46,441542,13,0,0,40,0
40,27444,13,0,0,50,1
24,188925,11,0,0,40,0
43,200734,9,0,0,40,0
44,185057,14,0,0,35,0
26,359543,13,0,0,40,0
65,89681,14,0,0,99,0
26,108019,9,3325,0,40,0
45,210364,9,15024,0,80,1
60,166330,9,99999,0,40,1
66,126511,10,0,0,45,0
63,20323,10,0,0,40,0
47,316101,9,0,0,40,0
59,77884,11,0,0,40,0
43,459342,9,0,0,40,0
54,215990,14,0,1887,44,1
60,160155,13,0,0,12,0
44,177083,9,0,0,40,0
49,83610,13,7688,0,66,1
28,452808,6,0,0,40,0
17,266134,6,0,0,12,0
54,182314,16,0,1977,50,1
32,92531,9,0,0,40,0
25,157028,13,0,0,40,0
68,202699,14,0,2377,42,1
29,212588,10,0,0,65,0
29,176027,13,0,0,40,0
29,156815,9,0,0,40,0
26,360252,12,0,0,40,0
45,72844,9,0,0,46,0
25,132683,9,0,0,50,0
55,225365,9,0,0,30,0
22,119592,12,0,2824,40,1
35,195946,10,0,0,40,1
36,52327,14,0,0,40,1
29,47429,9,0,0,40,1
42,144995,1,0,0,25,0
27,167737,8,0,0,45,0
42,220776,9,0,0,40,0
24,186213,10,0,0,50,1
32,53206,13,0,0,50,1
26,181920,13,0,0,45,1
39,209867,10,13550,0,45,1
31,347166,10,4650,0,40,0
22,229987,10,0,0,32,0
25,312338,11,0,0,40,0
48,120131,9,8614,0,40,1
30,373213,11,0,0,40,1
46,182715,4,0,0,40,0
62,265201,13,0,0,40,0
37,259089,13,0,0,40,0
30,113364,10,0,0,40,0
64,169482,10,0,0,40,0
38,154641,11,0,0,40,0
22,39236,10,594,0,25,0
73,173047,13,0,0,15,0
42,82297,4,0,0,50,0
42,102069,4,0,0,30,0
62,115387,9,0,0,40,0
50,140516,13,0,0,40,0
42,54611,10,0,0,40,0
26,328663,9,0,0,40,0
51,172046,14,0,1977,50,1
33,182926,13,15024,0,50,1
37,482927,10,0,0,65,0
48,44434,14,0,0,61,1
56,98630,4,0,0,40,0
31,137444,9,0,0,40,1
41,201435,9,0,0,40,0
69,58213,13,20051,0,45,1
33,341187,13,0,0,50,1
58,284834,12,0,0,40,0
43,188436,15,0,0,40,0
42,134220,11,0,0,40,0
33,189368,10,0,0,40,1
35,330664,9,0,0,40,0
23,186666,10,0,0,40,0
25,120238,13,0,0,40,0
30,224377,9,0,0,40,0
48,216093,13,0,0,40,0
43,193490,4,0,0,45,0
25,188767,9,0,0,40,0
47,119939,9,0,0,40,1
57,313929,10,0,0,40,0
20,247115,10,0,0,35,0
47,175958,15,0,0,45,1
33,594187,14,0,0,45,1
45,311231,15,0,1485,50,1
40,210648,13,0,0,44,1
36,347491,16,0,0,35,0
36,358682,13,0,0,50,0
46,171228,9,3411,0,35,0
51,215854,13,0,0,50,0
44,185057,13,3325,0,40,0
60,165517,10,0,0,40,0
60,178792,9,0,0,40,0
49,379779,13,0,0,40,0
48,81513,13,0,0,50,1
40,198270,10,0,0,40,0
50,167728,16,0,0,60,1
55,193374,10,0,0,40,1
50,276241,13,0,0,40,1
51,351278,13,0,0,50,0
54,198741,10,0,0,40,1
31,61559,9,0,0,50,0
56,235826,9,5013,0,40,0
42,165916,13,0,0,45,0
23,216472,10,0,0,20,0
33,131934,9,0,0,45,0
50,138270,9,0,0,40,0
60,113440,13,0,0,60,0
68,194746,16,0,0,40,0
34,252646,10,7298,0,50,1
32,132601,15,0,0,40,1
21,27255,10,0,0,40,0
23,69847,13,0,0,20,0
27,195678,13,0,0,40,0
27,300783,10,0,0,42,1
34,349148,10,0,0,40,0
37,34173,13,0,0,40,0
52,370552,1,0,0,40,0
52,163678,9,0,0,55,0
19,95078,9,0,0,15,0
25,169679,9,0,0,40,0
70,158642,9,2993,0,20,0
35,338611,10,0,0,40,0
54,286342,14,0,0,32,1
43,216497,13,0,0,40,0
20,39478,10,0,0,70,0
22,127647,9,0,0,36,0
34,179378,9,0,0,40,0
50,198362,11,0,0,40,0
50,171852,13,0,0,40,0
67,233022,7,0,0,20,0
36,226013,9,5178,0,40,1
18,147612,9,0,0,8,0
25,234665,11,0,0,45,0
32,159442,15,13550,0,50,1
40,202872,14,0,0,40,1
31,253354,13,0,0,50,0
36,224947,13,0,0,40,0
36,273604,13,0,0,40,0
22,385540,6,0,0,40,0
47,97176,10,0,0,40,0
57,372020,10,5013,0,50,0
42,101709,11,2885,0,40,0
18,188076,7,0,0,20,0
54,153486,9,0,0,56,1
62,197514,9,0,0,16,0
19,309284,10,0,0,40,0
65,105116,10,2346,0,40,0
58,201112,10,0,0,55,1
20,373935,9,0,0,35,0
44,33155,16,0,0,45,0
48,43206,15,0,0,25,0
22,279901,9,0,0,40,0
25,122489,13,0,1726,60,0
37,37778,11,0,0,54,0
62,208266,11,0,0,40,0
39,136081,9,0,2051,40,0
30,154587,9,0,0,40,0
27,36851,13,0,0,41,0
32,188246,9,0,1590,62,0
23,278155,13,0,0,40,0
25,139012,13,2174,0,40,0
36,115700,9,0,0,50,0
32,103078,13,0,0,40,0
39,163392,9,0,0,26,0
27,279608,3,0,0,40,0
44,317320,10,0,0,40,0
56,164332,9,0,0,15,0
48,196107,9,0,0,30,0
38,255621,9,0,0,40,0
42,66755,4,0,0,40,0
20,117222,10,0,0,40,0
23,311376,11,0,0,40,0
26,417941,13,0,0,40,0
65,143732,9,0,0,40,0
36,257380,9,0,0,35,0
26,369166,10,0,0,65,0
45,257855,7,0,0,50,0
26,165235,13,0,0,40,0
45,111979,9,0,0,40,0
38,41591,13,0,0,30,0
25,182227,12,0,0,55,0
29,180758,12,0,0,60,0
49,127921,9,0,0,40,0
49,281647,13,0,0,45,1
34,24266,11,7688,0,40,1
45,267967,13,0,0,45,1
47,94809,11,0,0,45,1
50,95435,4,0,1579,65,0
32,118551,9,0,0,80,0
52,99184,9,0,0,40,0
49,83622,12,2597,0,40,0
44,124747,9,3103,0,40,1
44,247880,11,8614,0,40,1
39,210991,9,0,0,40,0
30,110622,13,0,0,40,0
56,75785,9,0,0,40,1
34,114185,13,0,0,50,0
22,174626,4,0,0,40,0
27,41099,10,0,0,50,0
30,437825,13,0,0,20,0
37,247750,11,0,0,40,0
47,178341,13,4064,0,60,0
65,461715,9,0,0,25,0
42,384508,7,1506,0,50,0
41,288568,9,0,0,40,1
59,24384,9,0,0,40,0
60,27466,10,0,0,40,0
35,310290,9,0,0,40,0
27,134048,7,0,0,45,0
18,478380,7,0,0,25,0
68,152157,9,0,0,20,0
27,419146,3,0,0,75,0
25,100903,13,0,0,25,0
22,187052,7,0,0,30,0
46,228620,7,0,0,40,0
20,37932,9,0,0,50,0
34,108837,10,0,0,40,1
30,45427,11,0,0,49,0
36,227615,3,0,0,32,0
28,131310,9,0,0,40,0
61,60641,13,0,0,45,0
27,202206,7,0,0,40,0
30,225053,9,0,0,50,0
35,253006,10,7688,0,38,1
18,423024,8,0,0,20,0
38,227945,14,99999,0,65,1
19,157605,9,0,0,40,0
52,153064,10,0,0,40,1
24,202959,11,0,0,40,0
56,67153,14,0,0,40,1
17,112291,7,0,0,12,0
47,164423,9,0,0,43,0
38,296212,13,0,0,45,0
19,163578,10,0,0,30,0
41,174540,10,0,0,4,0
54,136224,14,0,0,30,0
46,233974,9,0,0,35,0
25,178037,10,0,0,35,0
19,268524,10,0,0,15,0
34,221167,12,0,0,40,1
32,48014,10,0,0,35,0
22,177902,10,0,0,25,0
37,179468,9,0,0,40,0
37,286146,9,0,0,40,0
32,174789,9,0,0,50,0
30,129707,10,0,1848,40,1
36,156084,9,0,0,40,0
34,258675,9,0,0,40,0
46,308077,15,0,0,40,1
62,137354,14,0,0,40,0
42,319016,9,2885,0,45,0
43,99220,13,0,0,40,1
26,247006,9,0,0,52,0
39,204756,10,0,0,20,0
36,179488,10,0,0,40,0
51,521665,10,0,0,24,0
23,107882,13,0,0,40,0
42,198619,11,0,0,40,0
30,169496,14,0,0,15,1
42,100800,9,0,0,40,0
54,109418,13,0,1977,35,1
66,175558,4,0,0,20,0
33,184016,9,0,0,40,0
46,90042,10,0,0,40,1
21,214387,10,0,0,64,0
54,278329,9,0,0,43,0
28,287268,10,0,0,35,0
19,196119,9,0,0,35,0
27,284741,10,0,0,30,0
44,151294,10,0,0,25,0
30,241885,10,0,0,40,0
19,36012,9,0,0,40,0
29,147889,12,0,0,40,0
32,97723,9,0,1672,40,0
35,182898,9,8614,0,40,1
35,341102,5,0,0,40,0
37,263094,13,7298,0,40,1
54,357596,13,7298,0,55,1
26,171114,13,0,0,40,0
32,226696,13,0,0,55,1
34,62396,13,0,0,62,1
52,183146,8,0,0,50,1
50,183638,9,0,0,40,0
22,221480,9,0,0,40,0
21,252253,10,0,0,40,0
34,212781,13,0,0,40,1
48,373366,2,3781,0,50,0
68,257269,13,0,2377,35,1
38,296317,9,0,0,40,0
36,164898,9,0,0,40,0
17,452406,7,0,0,15,0
51,103529,7,0,0,30,0
21,331611,10,0,0,50,0
18,434430,9,0,0,30,0
44,178510,10,0,2258,60,0
25,153534,10,0,0,40,0
39,204527,16,0,0,50,1
64,159938,9,2635,0,24,0
48,147860,9,0,0,40,0
20,121023,10,0,0,40,0
34,190228,13,0,1902,48,1
47,264244,9,0,0,40,0
60,95445,10,3137,0,46,0
19,181020,7,0,0,30,0
35,243357,7,0,0,40,0
58,224854,9,0,0,40,0
28,204734,10,0,0,40,0
47,347025,14,0,0,40,0
36,191335,10,0,0,56,0
43,245317,9,0,0,50,0
44,343190,10,0,1887,55,1
59,122390,10,0,1977,48,1
33,159548,10,0,0,38,0
49,208978,9,0,0,16,0
35,31269,9,0,0,40,0
40,188465,9,0,0,35,0
36,405155,3,0,0,40,0
34,177437,10,15024,0,45,1
57,184553,9,0,0,50,1
42,118686,10,0,0,20,0
47,160646,11,0,0,35,0
61,380462,4,0,0,40,0
46,98637,13,7298,0,50,1
23,77581,13,0,0,40,0
51,467611,5,0,0,40,0
57,199934,13,0,0,40,1
28,174666,6,0,0,80,0
52,145166,13,15024,0,55,1
42,155657,9,0,0,25,0
41,172828,5,0,0,55,0
55,99551,13,0,0,15,0
28,37250,13,0,0,16,0
59,148844,9,0,0,40,0
26,124111,12,0,0,36,0
67,140849,9,0,0,24,0
44,219591,10,0,0,40,0
50,172970,9,0,0,40,0
37,236359,10,0,0,37,0
46,354962,9,0,0,40,0
38,110013,10,0,0,43,0
57,201991,13,0,0,40,0
36,342719,16,0,0,45,1
21,174907,12,0,0,32,0
55,176904,9,0,0,40,0
27,604045,13,0,0,40,0
54,156877,9,0,0,40,0
51,210940,9,0,2002,45,0
29,176760,15,0,0,55,0
24,174461,12,0,0,22,0
49,119904,13,7688,0,30,1
54,54377,14,0,0,40,0
47,144351,9,0,625,40,0
49,350759,9,0,0,40,0
28,135567,13,4101,0,60,0
20,415913,10,0,0,30,0
80,225892,9,1409,0,40,0
30,151989,11,0,0,40,0
45,166056,9,0,0,40,0
23,343553,7,0,0,40,0
35,233571,9,0,0,50,0
32,175856,10,0,0,40,0
44,183342,15,0,0,55,1
56,175127,6,0,0,40,0
51,213296,13,0,0,40,0
31,102130,14,0,0,45,0
30,101345,13,3103,0,55,1
27,210498,10,0,0,80,0
23,347292,9,0,0,40,0
21,509629,10,0,0,35,0
36,204590,13,0,213,40,0
50,182907,9,0,0,25,0
34,398988,13,0,0,40,0
49,99335,10,0,0,50,0
67,431426,12,20051,0,4,1
25,189897,9,0,0,40,0
28,25684,9,0,0,40,0
32,248754,10,0,0,40,0
31,169122,10,0,0,50,0
19,292511,10,0,0,25,0
36,76417,9,0,0,52,0
26,195734,9,2354,0,40,0
36,98515,11,0,0,40,0
23,214238,4,0,0,40,0
33,709798,13,0,0,60,1
53,187356,10,0,0,66,0
46,107231,10,0,1740,40,0
39,290922,14,0,0,40,0
34,258170,9,0,0,38,0
68,141181,5,0,0,2,0
36,109133,10,0,0,40,0
47,178309,10,0,0,40,0
34,287315,10,0,0,55,1
50,343014,10,0,0,40,0
20,289405,10,0,1602,15,0
38,207202,9,0,0,48,1
35,222989,9,0,0,30,0
75,36325,9,0,0,30,0
66,129476,13,0,0,6,0
44,278476,10,0,0,60,1
48,198000,10,0,0,38,1
25,397962,9,0,0,40,0
27,37250,10,0,1651,40,0
25,124483,13,0,0,20,0
27,367390,10,0,0,50,0
20,235691,9,0,0,40,0
23,32616,13,0,0,20,0
35,217274,10,0,0,50,0
35,397307,14,0,0,55,0
60,202226,10,0,0,44,1
23,91733,13,3325,0,40,0
58,200040,9,0,0,40,0
53,346871,9,4787,0,46,1
50,176227,13,0,0,40,1
35,139647,10,0,0,40,1
20,174461,9,0,0,5,0
27,279580,13,10520,0,45,1
54,420691,2,0,0,40,0
23,208946,13,0,0,32,0
27,153869,9,0,0,37,0
24,88676,9,0,0,35,0
75,213349,9,0,0,20,0
45,47314,10,0,1902,40,1
38,189916,10,0,0,40,0
39,167777,7,0,0,35,0
38,175972,10,0,0,40,0
21,57916,9,0,0,40,0
39,142897,11,0,0,50,0
22,73266,10,0,0,40,0
38,194304,10,0,0,55,0
44,173382,12,0,0,40,0
43,424094,16,0,0,40,0
33,356823,13,10520,0,45,1
40,191342,13,0,0,40,1
38,245372,13,7688,0,45,1
33,355996,6,0,0,40,0
44,110908,11,0,0,25,0
66,179285,9,3432,0,20,0
23,238087,10,0,0,30,0
47,84790,10,0,0,40,0
46,178686,13,0,0,38,1
29,351324,13,0,0,40,0
47,163814,6,0,0,40,0
33,173806,14,0,0,30,0
31,173858,15,0,0,40,0
35,188540,5,0,0,50,0
37,173780,10,0,0,30,0
24,119156,9,0,0,50,0
55,184882,11,5178,0,50,1
24,204172,9,0,0,48,0
20,190772,12,0,0,40,0
49,187370,14,15024,0,50,1
33,141490,9,0,0,45,0
46,101455,9,0,0,40,0
47,106255,10,0,0,40,0
19,135162,10,0,0,10,0
42,154374,13,0,0,40,1
50,175339,9,0,0,40,1
64,146272,10,3411,0,15,0
44,213416,3,0,0,40,0
46,345911,10,0,0,40,0
55,193895,4,0,0,40,0
36,90159,13,0,0,32,1
41,173682,11,0,0,43,1
26,182332,11,0,0,40,0
43,33729,13,0,0,45,1
49,195612,10,7298,0,40,1
45,266860,13,0,0,50,1
54,36480,9,15024,0,50,1
71,181301,9,0,0,40,0
32,329993,10,0,0,50,0
40,247469,16,0,0,30,1
30,111883,10,0,0,40,0
20,66917,7,0,0,40,0
48,232145,9,0,0,40,0
50,54709,9,0,0,46,0
37,114605,9,0,0,40,0
38,261382,10,0,0,40,0
35,241998,13,0,0,45,0
36,172538,14,0,0,40,0
45,61885,14,0,0,37,1
50,155574,9,0,0,40,1
28,419740,13,0,0,52,0
24,69640,10,0,0,40,0
51,117253,9,0,0,40,0
22,197583,13,0,0,20,0
21,142766,10,0,0,40,0
54,29887,9,0,0,56,0
17,116626,7,0,1719,18,0
62,164518,9,0,0,38,0
34,338416,6,0,0,60,0
57,310320,13,0,0,48,1
32,286675,10,0,0,60,0
51,168660,7,0,0,40,0
22,117747,10,0,0,40,0
36,190023,9,0,0,60,1
40,373050,8,0,0,40,0
28,209205,13,0,0,60,1
62,197353,9,0,1740,40,0
21,74538,10,0,0,25,0
64,153894,13,0,0,40,0
24,182342,9,0,0,40,0
20,289116,10,0,0,5,0
45,98265,9,0,0,40,0
45,361842,9,0,0,40,0
23,250037,10,0,0,50,0
57,109015,8,0,0,40,0
32,161075,9,0,0,40,0
60,106282,5,0,0,40,0
34,28053,13,0,0,25,0
58,357788,9,0,0,40,0
40,406811,9,0,0,40,0
35,216256,11,0,0,60,0
42,364832,4,0,0,40,0
17,128617,6,0,0,26,0
49,252079,10,0,0,40,1
57,70720,9,0,0,78,0
41,134524,11,0,0,45,0
37,65291,11,0,0,40,0
69,197080,8,9386,0,60,1
20,203353,10,0,0,40,0
55,104917,14,0,0,40,1
45,362883,10,0,0,40,0
35,128608,13,0,0,40,0
58,159378,9,0,0,45,1
23,236994,9,0,0,60,0
66,102640,9,0,0,35,0
39,472166,10,0,0,40,0
38,165848,13,0,0,44,0
21,138816,9,0,0,20,0
32,129020,9,0,0,40,0
37,265737,10,0,1887,60,1
47,207120,11,0,0,38,1
39,251710,6,0,1721,15,0
23,417605,3,0,0,40,0
61,140300,9,0,0,44,0
45,288437,9,4064,0,40,0
39,106347,9,0,0,40,0
30,182089,9,0,0,85,0
20,158206,12,0,0,30,0
20,79691,9,0,0,40,0
29,128516,12,0,0,40,1
34,209213,9,0,0,40,0
42,29075,12,0,0,40,0
66,71075,10,0,0,55,0
29,200511,9,0,0,50,0
37,126569,9,0,0,40,0
32,100135,13,0,0,35,1
29,179565,13,0,0,40,0
21,242736,12,0,0,40,0
24,22966,13,0,0,45,0
54,77336,9,0,0,40,0
18,245274,10,0,0,16,0
47,162494,10,0,0,45,1
39,91367,14,0,1848,45,1
24,241752,9,0,0,40,0
34,158615,10,0,0,40,0
18,157131,9,0,0,12,0
25,397317,12,0,0,40,0
39,176335,14,7688,0,65,1
42,333530,10,0,0,40,1
30,311696,7,0,0,30,0
24,206827,10,5060,0,30,0
42,33126,12,0,0,60,1
19,354104,9,0,0,35,0
46,97883,10,0,0,40,0
54,28186,13,27828,0,50,1
41,192779,4,0,0,40,0
46,102102,9,0,0,40,0
43,188280,14,914,0,40,0
46,133616,10,0,0,40,0
52,154342,9,0,0,48,1
39,230356,13,0,0,40,0
22,163870,9,0,0,40,0
34,140092,9,0,0,40,0
50,238187,13,0,0,37,0
55,141727,13,3464,0,40,0
21,211013,11,0,0,50,0
49,119539,10,0,0,60,1
42,569930,13,0,0,45,1
54,154949,7,0,0,40,1
19,100009,9,0,0,40,0
34,340880,9,0,0,60,1
19,207173,9,0,0,30,0
69,128348,13,9386,0,50,1
31,124420,7,0,0,40,0
49,251180,4,2407,0,50,0
48,328606,9,0,0,40,0
90,47929,9,0,0,40,0
22,219122,10,0,0,40,0
55,132887,9,3411,0,40,0
54,222882,9,0,0,45,0
46,149949,10,0,0,40,0
47,120131,13,0,0,40,1
26,122575,13,0,0,60,0
32,194740,13,0,1902,40,1
50,263200,3,0,0,34,0
53,276369,9,0,0,45,0
21,54472,9,0,0,40,0
41,36699,10,4650,0,40,0
25,222539,6,2597,0,50,0
53,137250,14,0,1669,35,0
31,44503,10,0,0,40,0
20,381357,5,0,0,28,0
47,101299,9,0,0,40,0
64,208862,9,0,0,50,1
56,104945,4,0,0,40,0
35,29145,11,0,0,40,0
51,99987,6,0,0,40,0
22,255575,12,0,0,15,0
29,236992,9,0,0,50,0
49,47086,13,0,0,40,0
74,54732,10,0,0,20,1
39,284166,9,0,1564,50,1
61,171840,9,0,0,16,0
59,184493,10,0,0,40,1
38,325538,15,0,0,50,1
30,143526,13,0,0,40,0
24,211160,10,0,0,40,0
25,173062,13,0,0,40,0
67,34122,3,0,0,40,0
35,108293,13,0,0,32,1
55,171015,10,0,0,36,0
50,201882,14,0,0,30,0
26,30793,13,0,0,55,1
44,139161,12,0,1741,40,0
37,103986,13,7688,0,39,1
35,234271,10,0,0,40,0
32,542265,9,0,0,40,0
47,217750,9,0,0,35,0
28,229223,11,7688,0,36,1
20,224640,12,0,0,40,0
20,105479,10,0,0,25,0
31,298871,16,0,0,40,0
27,147340,9,0,0,50,1
45,151267,13,0,0,40,1
18,261720,9,0,0,40,0
27,278720,9,0,0,45,1
28,190350,5,0,0,40,0
25,176162,13,0,0,40,0
48,128796,12,0,0,40,1
66,68219,5,0,0,40,0
41,469454,10,0,0,40,0
29,82393,9,0,0,25,0
41,58484,13,0,0,40,0
34,264651,9,0,0,40,1
67,261203,4,0,0,35,0
64,169917,4,0,0,4,0
22,124942,10,0,0,45,0
58,192806,4,0,0,33,0
57,62020,15,0,0,55,1
37,140673,10,0,0,40,1
17,171461,6,0,0,20,0
19,183532,10,0,0,25,0
26,31143,10,0,0,40,0
52,175339,13,0,0,40,1
28,90547,9,0,0,23,0
59,147989,9,0,0,35,0
31,190027,9,0,0,40,0
51,170086,13,0,0,45,1
26,746432,9,0,0,48,0
43,346321,14,0,0,45,1
39,206520,9,0,0,45,0
55,125000,9,0,0,40,1
28,210765,9,0,0,40,0
24,205865,9,0,0,45,0
39,75891,13,0,0,40,0
60,240951,9,0,0,40,0
58,183810,9,0,0,24,0
50,117496,13,0,0,24,0
36,128876,6,0,0,40,0
22,41837,10,0,0,25,0
37,271013,9,0,0,40,0
62,31577,9,0,0,18,0
55,113398,10,0,0,40,0
25,192321,13,0,0,40,0
44,144067,13,0,0,12,0
57,317969,9,0,0,50,0
43,161240,9,0,0,45,1
37,338320,14,0,0,60,0
25,237065,10,0,0,38,0
24,223515,9,0,0,45,0
52,208630,9,0,1741,38,0
46,211226,12,0,0,36,0
36,114719,14,0,0,50,1
70,174032,9,0,0,40,0
52,294991,13,0,0,40,1
53,156612,8,0,0,40,0
44,188436,13,0,0,45,0
21,145964,8,0,0,40,0
34,272411,13,0,0,40,0
55,168956,10,0,0,40,0
54,123374,4,0,0,40,0
50,187465,7,0,0,40,0
48,350440,10,0,0,40,1
52,154521,9,0,0,44,1
24,456367,9,0,0,40,0
39,117381,10,0,0,65,0
50,240922,12,0,1408,5,0
19,127491,9,0,0,40,0
43,170230,14,0,0,40,0
43,163434,13,0,0,55,1
33,256362,10,0,0,35,0
37,162834,9,0,1902,45,1
30,215441,10,0,0,40,0
58,99141,9,0,0,10,0
39,232036,10,0,0,40,1
30,33678,9,0,0,40,0
47,324791,14,0,1887,50,1
38,447346,10,0,0,36,1
24,34568,11,0,0,40,0
54,161691,14,0,2559,40,1
32,188246,9,0,0,40,0
18,156608,7,0,0,25,0
34,121966,13,0,0,45,0
28,119793,9,0,0,40,0
59,395736,9,0,0,40,1
47,248059,10,0,0,47,1
41,185660,9,0,0,40,0
29,183854,9,0,0,25,0
29,83742,9,0,0,45,0
57,65080,9,0,0,50,1
37,40955,15,0,0,50,1
23,190273,13,0,0,40,0
53,304504,10,0,1887,45,1
21,182117,12,0,0,40,0
24,216984,10,0,0,35,0
32,192965,9,0,0,45,0
66,47358,6,3471,0,40,0
22,203715,10,0,0,40,0
45,252208,9,0,0,40,0
32,116138,14,0,0,11,0
40,154374,9,0,0,40,1
22,201490,9,0,0,20,0
